soma_jogador,carta_dealer,as_utilizavel,true_count,q_hit,q_stick,melhor_acao
4,1,0,-2,-0.45723867794630446,-0.4835032178429698,hit
4,1,0,-1,-0.3654632281073129,-0.37894213789813225,hit
4,1,0,0,-0.4361160694395585,-0.5170481815417814,hit
4,1,0,1,-0.3579387071543864,-0.4013726343793671,hit
4,1,0,2,-0.401750031239808,-0.5367087698402466,hit
4,2,0,-2,-0.1209073110764938,-0.19674534564751062,hit
4,2,0,-1,-0.09746293473092761,-0.13596906250000002,hit
4,2,0,0,-0.17753507806840207,-0.43262190795423117,hit
4,2,0,1,-0.13148976399699985,-0.20517085738025062,hit
4,2,0,2,-0.20240265815635738,-0.2426991549167199,hit
4,3,0,-2,-0.10751052533802623,-0.1603483623564127,hit
4,3,0,-1,-0.10160524355745378,-0.13898830598720216,hit
4,3,0,0,-0.17959185268605005,-0.21764458884429763,hit
4,3,0,1,-0.09922040289892693,-0.14241601484375,hit
4,3,0,2,-0.11223949815371012,-0.16396608118267045,hit
4,4,0,-2,-0.08282603216480892,-0.17283678782732648,hit
4,4,0,-1,-0.09393545222771467,-0.142625,hit
4,4,0,0,-0.030612042377667823,-0.11047889530166505,hit
4,4,0,1,-0.10152331029466648,-0.17163118815940764,hit
4,4,0,2,-0.007068139993881869,-0.1873639277070555,hit
4,5,0,-2,-0.0327364758698586,-0.12428461015624997,hit
4,5,0,-1,-0.09656493111180108,-0.1447684375,hit
4,5,0,0,-0.030126556879056247,-0.18345748437499998,hit
4,5,0,1,-0.13712997418182699,-0.16720236287431942,hit
4,5,0,2,-0.026918148566025476,-0.23110946968729865,hit
4,6,0,-2,0.018552005667149603,-0.11610465768370368,hit
4,6,0,-1,0.03956696141627551,-0.048409135802855364,hit
4,6,0,0,0.02117113212590504,-0.09099009366104005,hit
4,6,0,1,0.027805573584286845,-0.043004204872172845,hit
4,6,0,2,-0.03484307704354092,-0.10040173608173975,hit
4,7,0,-2,-0.010320550006825873,-0.11141270390625,hit
4,7,0,-1,-0.048987519793548456,-0.142625,hit
4,7,0,0,-0.12681496813651816,-0.23969284153637052,hit
4,7,0,1,-0.11650345052404788,-0.22021207890625,hit
4,7,0,2,-0.17298952373190918,-0.2794585435183864,hit
4,8,0,-2,-0.15016807462375872,-0.3249061291318685,hit
4,8,0,-1,-0.14119595634768198,-0.17646951708974612,hit
4,8,0,0,-0.1449148365662175,-0.30166270390625005,hit
4,8,0,1,-0.13722686713656554,-0.174658109375,hit
4,8,0,2,-0.15609562678683508,-0.22164924634351002,hit
4,9,0,-2,-0.23374612197893313,-0.2962414012128906,hit
4,9,0,-1,-0.1771714554464074,-0.16977221893242475,stick
4,9,0,0,-0.2808788572147066,-0.28324716285484536,hit
4,9,0,1,-0.230841376905366,-0.2380010127508431,hit
4,9,0,2,-0.21660263139339986,-0.39976621841352517,hit
4,10,0,-2,-0.37172434142504984,-0.5892134418080115,hit
4,10,0,-1,-0.35417417676393126,-0.6682895438154053,hit
4,10,0,0,-0.33535434715099083,-0.4948571104656197,hit
4,10,0,1,-0.30781676294740506,-0.46873023951515796,hit
4,10,0,2,-0.3045943115925616,-0.5639938880998916,hit
5,1,0,-2,-0.45757149671092867,-0.48161103083369694,hit
5,1,0,-1,-0.4694597334567858,-0.5367087698402466,hit
5,1,0,0,-0.4336456771460663,-0.530532351320803,hit
5,1,0,1,-0.44237370978812635,-0.45834765864496385,hit
5,1,0,2,-0.4922088625519295,-0.5504594639600474,hit
5,2,0,-2,-0.06564372169461101,-0.22087447229152002,hit
5,2,0,-1,-0.205550922361651,-0.24157956871093753,hit
5,2,0,0,-0.15627441811036313,-0.3138808909339262,hit
5,2,0,1,-0.21421541701615926,-0.2847795823771283,hit
5,2,0,2,-0.2081454853552425,-0.3157567410005002,hit
5,3,0,-2,-0.09503160178708424,-0.29060687228677196,hit
5,3,0,-1,-0.11305436908408398,-0.143203201547999,hit
5,3,0,0,-0.13945718395243947,-0.17669200981850286,hit
5,3,0,1,-0.05704305931150556,-0.18777504933929243,hit
5,3,0,2,-0.11096924466157033,-0.33827249506712237,hit
5,4,0,-2,-0.09089821920662658,-0.17177544093729577,hit
5,4,0,-1,-0.03827886349941258,-0.03881084417248513,hit
5,4,0,0,-0.05626189554636564,-0.19705557494813408,hit
5,4,0,1,-0.09012557980558882,-0.1549218031781275,hit
5,4,0,2,-0.07492225859559667,-0.19372264488853752,hit
5,5,0,-2,-0.05593924459054582,-0.18801627162317952,hit
5,5,0,-1,-0.024498727373712566,-0.05486539708383533,hit
5,5,0,0,-0.08741271263681888,-0.11177142236324078,hit
5,5,0,1,-0.06971570757985764,-0.19578057801653104,hit
5,5,0,2,-0.14226706900527172,-0.19188135875870727,hit
5,6,0,-2,0.015948119872969763,-0.1459427697811,hit
5,6,0,-1,0.05968156445417728,-0.18753001562500002,hit
5,6,0,0,-0.0031558907863646016,-0.04273131893984879,hit
5,6,0,1,0.002411915878811177,-0.1439982153864855,hit
5,6,0,2,0.029123998935194104,-0.16130064646988063,hit
5,7,0,-2,-0.1525154735715517,-0.5035557329145773,hit
5,7,0,-1,-0.12767842584511924,-0.36975059027539064,hit
5,7,0,0,-0.14190213372858673,-0.3708300609530088,hit
5,7,0,1,-0.14798884297295656,-0.36195204234210626,hit
5,7,0,2,-0.2291590326151327,-0.3836387341891333,hit
5,8,0,-2,-0.20336416892841658,-0.3317556451927747,hit
5,8,0,-1,-0.1661044590729429,-0.32346413959908177,hit
5,8,0,0,-0.16281415030029195,-0.554834485757712,hit
5,8,0,1,-0.243936778862461,-0.30304786920845683,hit
5,8,0,2,-0.15705333911036012,-0.4996458290360076,hit
5,9,0,-2,-0.21338762465383845,-0.6378886862691528,hit
5,9,0,-1,-0.2163709580689886,-0.2791203645946338,hit
5,9,0,0,-0.20456335669163886,-0.5926149896449247,hit
5,9,0,1,-0.28454160161069875,-0.34877255274901864,hit
5,9,0,2,-0.24534117021973073,-0.37783830443626326,hit
5,10,0,-2,-0.35866212549335,-0.511755368304115,hit
5,10,0,-1,-0.37609146753402234,-0.6630849449162631,hit
5,10,0,0,-0.3532652630156046,-0.6609733635644433,hit
5,10,0,1,-0.40786662057033585,-0.4583382447785018,hit
5,10,0,2,-0.35547621660586515,-0.5718491677731418,hit
6,1,0,-2,-0.4975209403078916,-0.6343343199525743,hit
6,1,0,-1,-0.507833285294112,-0.5962185367772134,hit
6,1,0,0,-0.5247911962671495,-0.586739110265773,hit
6,1,0,1,-0.4188007845092595,-0.7141907650835962,hit
6,1,0,2,-0.5207353683525557,-0.6350020533331238,hit
6,2,0,-2,-0.20083190975198978,-0.38506277337085304,hit
6,2,0,-1,-0.1023786108885123,-0.23648270957887366,hit
6,2,0,0,-0.22478640537285569,-0.11748767127382004,stick
6,2,0,1,-0.21731264830022898,-0.4035405770443308,hit
6,2,0,2,-0.16700626896725645,-0.4570853420964138,hit
6,3,0,-2,-0.22060642842301248,-0.4004407234852318,hit
6,3,0,-1,-0.18000875806603894,-0.24718145686208684,hit
6,3,0,0,-0.10305567625834369,-0.3752971043244838,hit
6,3,0,1,-0.059139432221713584,-0.25310029314919436,hit
6,3,0,2,-0.005360224193812779,-0.28387078484243206,hit
6,4,0,-2,-0.09745601549937788,-0.2134881222215501,hit
6,4,0,-1,-0.14418907294130792,-0.2690315189822136,hit
6,4,0,0,-0.07994729530563657,-0.11793334955120202,hit
6,4,0,1,-0.13435041027824698,-0.19798522657976214,hit
6,4,0,2,-0.07273663537227769,-0.2333150146608117,hit
6,5,0,-2,-0.07597815814269898,-0.12284590366439421,hit
6,5,0,-1,-0.03138482497355734,-0.10698812282351702,hit
6,5,0,0,-0.10387124473297871,-0.21020690136041442,hit
6,5,0,1,-0.10202432053911978,-0.21994549026825583,hit
6,5,0,2,-0.07929465451370234,-0.21904648729541842,hit
6,6,0,-2,0.019516947267041528,-0.27248346458287714,hit
6,6,0,-1,0.018115634935689164,-0.16940162482063092,hit
6,6,0,0,0.030201286738770705,-0.33312391736809627,hit
6,6,0,1,0.0022645304839344453,-0.21428253145240062,hit
6,6,0,2,-0.08609765390176799,-0.2920524845691233,hit
6,7,0,-2,-0.0674567895299837,-0.34247642553548835,hit
6,7,0,-1,-0.09918131105206188,-0.1890392018659573,hit
6,7,0,0,-0.23510543810111403,-0.44163476447563693,hit
6,7,0,1,-0.22431784848242697,-0.39901351447835454,hit
6,7,0,2,-0.10814720949485218,-0.5347561393939869,hit
6,8,0,-2,-0.22854619142884264,-0.3919683419797696,hit
6,8,0,-1,-0.2152291237957074,-0.37954018755651964,hit
6,8,0,0,-0.2352053204418302,-0.49266832047873843,hit
6,8,0,1,-0.15192597550520714,-0.37751657403140065,hit
6,8,0,2,-0.20284699915574442,-0.4265296483767078,hit
6,9,0,-2,-0.24039964602210676,-0.572738182074869,hit
6,9,0,-1,-0.3222256692992603,-0.48794127192869363,hit
6,9,0,0,-0.29689324132519307,-0.4441608363273267,hit
6,9,0,1,-0.208768457569003,-0.35554178625966704,hit
6,9,0,2,-0.28221846002487067,-0.45250575091265827,hit
6,10,0,-2,-0.36977794393701385,-0.6449540232571204,hit
6,10,0,-1,-0.37992682752842,-0.5406297311735482,hit
6,10,0,0,-0.47721299108607806,-0.5191096700945282,hit
6,10,0,1,-0.39057098179715544,-0.3961181360344192,hit
6,10,0,2,-0.3390820379507073,-0.5393820268386829,hit
7,1,0,-2,-0.5965604252697126,-0.633097655374794,hit
7,1,0,-1,-0.5034466975662096,-0.564667745670353,hit
7,1,0,0,-0.5752085640661859,-0.6360173328509263,hit
7,1,0,1,-0.48061894820279594,-0.6290288059591728,hit
7,1,0,2,-0.44892005027411275,-0.6746046435946245,hit
7,2,0,-2,-0.17744412126848666,-0.2514352502315543,hit
7,2,0,-1,-0.14208876538416337,-0.22445482987217286,hit
7,2,0,0,-0.0879249508251834,-0.2076305848354039,hit
7,2,0,1,-0.15462632733345263,-0.24407509072229272,hit
7,2,0,2,-0.18368123761220903,-0.264733941998901,hit
7,3,0,-2,-0.08013307453231297,-0.37352882343560717,hit
7,3,0,-1,-0.09883037511222985,-0.15766867366739257,hit
7,3,0,0,-0.13070880775676394,-0.35121004952336815,hit
7,3,0,1,-0.044769122364483396,-0.43863499294499325,hit
7,3,0,2,-0.09209990209441964,-0.36336471021289624,hit
7,4,0,-2,-0.09913027631843095,-0.19403194211078728,hit
7,4,0,-1,-0.07896005846967119,-0.204459220609889,hit
7,4,0,0,-0.013516891017583604,-0.18653396794462024,hit
7,4,0,1,-0.08461469083244177,-0.3722813315131121,hit
7,4,0,2,0.02036851905813761,-0.3576263645826869,hit
7,5,0,-2,-0.054377736238278046,-0.06885671945493696,hit
7,5,0,-1,0.033252052347574695,-0.22542150289056045,hit
7,5,0,0,0.036266004111638925,-0.04470636022346086,hit
7,5,0,1,-0.07122977638239573,-0.4166919928477582,hit
7,5,0,2,-0.041434192026619146,-0.10977724840716227,hit
7,6,0,-2,0.037734105553674416,-0.20719531380417866,hit
7,6,0,-1,0.041526857951516595,-0.1351328105790064,hit
7,6,0,0,0.059159146906584116,-0.042736068407786515,hit
7,6,0,1,0.14912692289303167,-0.299063705043228,hit
7,6,0,2,0.02697912643109569,-0.3414125960965292,hit
7,7,0,-2,-0.12127772725014069,-0.4343421066021277,hit
7,7,0,-1,-0.06222669345086634,-0.5232699237169214,hit
7,7,0,0,-0.057779618310974,-0.40652432079343814,hit
7,7,0,1,-0.07100322064425105,-0.4718542687714429,hit
7,7,0,2,-0.18751830268837766,-0.3837390474905085,hit
7,8,0,-2,-0.26967879647074106,-0.5525204432579958,hit
7,8,0,-1,-0.2146923567524868,-0.35431564983240915,hit
7,8,0,0,-0.27732284552090436,-0.5547840010628473,hit
7,8,0,1,-0.18990368073693686,-0.4539506169980828,hit
7,8,0,2,-0.2254373226202651,-0.38261919035287273,hit
7,9,0,-2,-0.34597376184095774,-0.4927877011191004,hit
7,9,0,-1,-0.38220554994151196,-0.38978772688285646,hit
7,9,0,0,-0.2416725363452842,-0.45589170538283114,hit
7,9,0,1,-0.3013161112758666,-0.4800121781459561,hit
7,9,0,2,-0.2519506792070309,-0.5871087209444732,hit
7,10,0,-2,-0.3939355575386483,-0.6985583446105661,hit
7,10,0,-1,-0.44098581520735475,-0.5631790339683512,hit
7,10,0,0,-0.40187076998156884,-0.5011016369528228,hit
7,10,0,1,-0.4339234489401243,-0.42824831524949947,stick
7,10,0,2,-0.263894666676452,-0.718498675887806,hit
8,1,0,-2,-0.416076718372223,-0.8122182382229273,hit
8,1,0,-1,-0.49726459047969496,-0.5354695319629188,hit
8,1,0,0,-0.46457011075644306,-0.6866503077955859,hit
8,1,0,1,-0.3963088170850253,-0.7546255492845602,hit
8,1,0,2,-0.33502409793160776,-0.8142093303518759,hit
8,2,0,-2,-0.01816166535548016,-0.14124751527425294,hit
8,2,0,-1,-0.07915157126448702,-0.26588838208966015,hit
8,2,0,0,-0.0011109953327135711,-0.5883272170332831,hit
8,2,0,1,-0.0441135928034864,-0.2406002055512167,hit
8,2,0,2,-0.0014598253124338233,-0.36463293023974963,hit
8,3,0,-2,-0.1240359161276533,-0.3408891249384601,hit
8,3,0,-1,0.01846912951978568,-0.3695384024318776,hit
8,3,0,0,-0.03440686962478729,-0.4576128683982433,hit
8,3,0,1,0.04181332362296523,-0.5102114743923395,hit
8,3,0,2,0.006070129276711297,-0.3766229148397142,hit
8,4,0,-2,-0.0562346664251727,-0.24754559268399723,hit
8,4,0,-1,-0.05119516716189748,-0.12796464280537231,hit
8,4,0,0,0.08964460905850273,-0.055204673544041516,hit
8,4,0,1,-0.014225932704035686,-0.37453399243839897,hit
8,4,0,2,0.04682775133001434,-0.18505513562056794,hit
8,5,0,-2,-0.05714580287978814,-0.07810013840330708,hit
8,5,0,-1,0.153639911097057,-0.12427800317541204,hit
8,5,0,0,0.1454362200381081,-0.2879957100632104,hit
8,5,0,1,0.07548141458457373,-0.2478379207697516,hit
8,5,0,2,0.049316554572682816,-0.1438991063871817,hit
8,6,0,-2,0.125988559458533,-0.2740573245243376,hit
8,6,0,-1,0.17029158138589884,-0.07411545075211141,hit
8,6,0,0,0.16716925191783388,0.044449615988778404,hit
8,6,0,1,0.18454522140757734,-0.2795706104166382,hit
8,6,0,2,0.17482219620841663,-0.31989905301640387,hit
8,7,0,-2,-0.024797086270112515,-0.4165529513560846,hit
8,7,0,-1,0.12886126839752965,-0.1448856694441878,hit
8,7,0,0,0.03411472557583966,-0.43646394749872136,hit
8,7,0,1,0.1573321131744455,-0.405568259175166,hit
8,7,0,2,0.09932009964811583,-0.48348009463713076,hit
8,8,0,-2,-0.022866602061167744,-0.69354171763995,hit
8,8,0,-1,-0.17258829084514796,-0.28134794962612125,hit
8,8,0,0,-0.08372059945232861,-0.5651518754656704,hit
8,8,0,1,-0.0984670166897463,-0.3611405868721138,hit
8,8,0,2,0.03132271554095714,-0.558383761892154,hit
8,9,0,-2,-0.16679700860433283,-0.634683042360405,hit
8,9,0,-1,-0.2253077679887346,-0.3452619974411309,hit
8,9,0,0,-0.23281279224305984,-0.5021341992488388,hit
8,9,0,1,-0.1040073400844064,-0.5743188947783089,hit
8,9,0,2,-0.11856778627500283,-0.4024542158051039,hit
8,10,0,-2,-0.4037273096953765,-0.7663120285917424,hit
8,10,0,-1,-0.3053859631826795,-0.5875793666561412,hit
8,10,0,0,-0.25359997131826456,-0.7023487562106534,hit
8,10,0,1,-0.30882379713214214,-0.5227279796235702,hit
8,10,0,2,-0.3238908168487439,-0.7037053628100441,hit
9,1,0,-2,-0.3929062306585859,-0.7897388885965626,hit
9,1,0,-1,-0.3926258683143402,-0.6762484988383173,hit
9,1,0,0,-0.2745880756972505,-0.7565024296579337,hit
9,1,0,1,-0.2817183293787924,-0.6266112623734561,hit
9,1,0,2,-0.2616498354275951,-0.7625489588589042,hit
9,2,0,-2,-0.05428423580985368,-0.33514848410442544,hit
9,2,0,-1,0.13395236431746985,-0.07655707143764728,hit
9,2,0,0,0.12285238204353595,-0.21145944136364078,hit
9,2,0,1,-0.03856703252073341,-0.4803738617576897,hit
9,2,0,2,-0.01124150775135662,-0.47682926041039453,hit
9,3,0,-2,0.1702780438115206,-0.19312033226057415,hit
9,3,0,-1,-0.026918692255568637,-0.029050371454401668,hit
9,3,0,0,0.09233887346018249,-0.44515336323964694,hit
9,3,0,1,0.06918240437438375,-0.24217114245274873,hit
9,3,0,2,0.1301685637012468,-0.03426393357621283,hit
9,4,0,-2,0.04168690942322576,-0.10391302226608193,hit
9,4,0,-1,0.15533255373595878,-0.3151199098027472,hit
9,4,0,0,0.13061936525611745,-0.5922076209961618,hit
9,4,0,1,0.07756132450619416,-0.17806974486264232,hit
9,4,0,2,0.1423062224055454,-0.09617803342184053,hit
9,5,0,-2,0.13773346649103121,-0.1945885168564242,hit
9,5,0,-1,0.2844173745630498,-0.05640430853579947,hit
9,5,0,0,0.19738608957508555,-0.06809074167871317,hit
9,5,0,1,0.20681765089287932,-0.2434903053956753,hit
9,5,0,2,0.22998692110907681,-0.434574211000779,hit
9,6,0,-2,0.1712124953670998,-0.20925520534696884,hit
9,6,0,-1,0.2131765764468198,-0.024011275784176105,hit
9,6,0,0,0.3007731332048716,-0.23515606159846855,hit
9,6,0,1,0.12523291209658863,-0.05028891338526729,hit
9,6,0,2,0.2028222029615302,0.02894886744478265,hit
9,7,0,-2,0.17238022660420027,-0.3650394462757296,hit
9,7,0,-1,0.07283408249423452,-0.44467474586120365,hit
9,7,0,0,0.21118136383507097,-0.3510858870961736,hit
9,7,0,1,0.14568946803769778,-0.5104852473299437,hit
9,7,0,2,0.2154215032777346,-0.48541025904844187,hit
9,8,0,-2,-0.07642024672754279,-0.5188903567935513,hit
9,8,0,-1,0.0959481774852233,-0.6328863223359465,hit
9,8,0,0,0.02493929281113281,-0.6789434903669608,hit
9,8,0,1,0.11521706504807704,-0.6258341551637563,hit
9,8,0,2,0.14909143397974145,-0.32442886986790953,hit
9,9,0,-2,-0.12349448642329627,-0.5687904787679916,hit
9,9,0,-1,-0.021013575116652222,-0.442857382567666,hit
9,9,0,0,-0.03372541075474167,-0.3603924401752742,hit
9,9,0,1,-0.014872510863403009,-0.673920391227909,hit
9,9,0,2,0.014539846492414903,-0.5387021092073638,hit
9,10,0,-2,-0.34349695947365344,-0.5588322174851991,hit
9,10,0,-1,-0.3268760897874453,-0.7246570869044854,hit
9,10,0,0,-0.24539571527681078,-0.6751155264571933,hit
9,10,0,1,-0.304038687689251,-0.6469586902629999,hit
9,10,0,2,-0.11033219633939674,-0.8265439569928055,hit
10,1,0,-2,-0.19562452858133017,-0.8453233760597486,hit
10,1,0,-1,-0.25006334998040636,-0.7815327788137464,hit
10,1,0,0,-0.22317935444807346,-0.8817138760453651,hit
10,1,0,1,-0.21853506874956705,-0.6211844774018559,hit
10,1,0,2,-0.1197454135628987,-0.6945766556558395,hit
10,2,0,-2,0.09855568794886826,-0.3745114925747454,hit
10,2,0,-1,0.349284133723567,-0.37563559892873055,hit
10,2,0,0,0.31153545688401324,-0.34236603763738904,hit
10,2,0,1,0.21769733173104192,-0.3495800369585819,hit
10,2,0,2,0.2672898104995019,-0.21699745986831723,hit
10,3,0,-2,0.1321215936447044,-0.3227476966255541,hit
10,3,0,-1,0.09597738173128106,-0.17475052210650535,hit
10,3,0,0,0.24374199893335435,-0.3344353166035359,hit
10,3,0,1,0.10493516502633218,-0.1636612571992278,hit
10,3,0,2,0.23779183719435243,-0.2782441722642371,hit
10,4,0,-2,0.12331742508336072,-0.349176875230257,hit
10,4,0,-1,0.2313997584359794,-0.06091627633008934,hit
10,4,0,0,0.25407722025154666,-0.16351611827973797,hit
10,4,0,1,0.29553979766437055,0.04149372869857607,hit
10,4,0,2,0.3498781748879804,-0.2275554214581841,hit
10,5,0,-2,0.14625030986963972,-0.10539701484178673,hit
10,5,0,-1,0.2193667586294923,-0.21627857579060217,hit
10,5,0,0,0.21300993799640447,0.11726484340584607,hit
10,5,0,1,0.20925479474255196,-0.06510677331271579,hit
10,5,0,2,0.3744650573491373,0.08995372497846471,hit
10,6,0,-2,0.13491659206263004,-0.1462326285232762,hit
10,6,0,-1,0.3150642900168903,-0.2251662681638255,hit
10,6,0,0,0.3506940116310442,0.06230470281630851,hit
10,6,0,1,0.3011280167160217,-0.026593058098451895,hit
10,6,0,2,0.38192141947069125,-0.002545561050136487,hit
10,7,0,-2,0.1665271630840565,-0.3306374859912542,hit
10,7,0,-1,0.37986084785932756,-0.41764450619068044,hit
10,7,0,0,0.15331605264610204,-0.46361140279779955,hit
10,7,0,1,0.35377105982290735,-0.2859090522451984,hit
10,7,0,2,0.19021021110175837,-0.571118612318609,hit
10,8,0,-2,0.21784073933318446,-0.7969542241034467,hit
10,8,0,-1,0.16857080312165368,-0.4986935710471358,hit
10,8,0,0,0.1753727235803204,-0.3876835282359343,hit
10,8,0,1,0.18981637561306808,-0.6378095224572642,hit
10,8,0,2,0.0772602470309803,-0.4854161316333896,hit
10,9,0,-2,0.16243727199418678,-0.6475441111626035,hit
10,9,0,-1,0.18798673927696985,-0.48912904382277195,hit
10,9,0,0,0.1501929569858131,-0.4166575697247291,hit
10,9,0,1,0.1343117648841278,-0.23414181481556248,hit
10,9,0,2,0.20470097592764191,-0.5814282162019037,hit
10,10,0,-2,-0.07699103888177979,-0.46952014335431513,hit
10,10,0,-1,-0.07459668991898634,-0.725399460414783,hit
10,10,0,0,-0.1395993895009998,-0.6371409107792062,hit
10,10,0,1,-0.08280095212734523,-0.5155270993338973,hit
10,10,0,2,0.17995441592775197,-0.5095356188259039,hit
11,1,0,-2,-0.112260880713907,-0.7105342451527008,hit
11,1,0,-1,0.0581861940835983,-0.6939416268176344,hit
11,1,0,0,-0.15988202513049582,-0.7404916395650885,hit
11,1,0,1,-0.06944290595379182,-0.7616397490475556,hit
11,1,0,2,-0.002879297463005054,-0.7788284158882257,hit
11,2,0,-2,0.14082978511963018,-0.5703856327706187,hit
11,2,0,-1,0.39558899482278415,-0.19231637513791253,hit
11,2,0,0,0.31530779876674536,-0.3677609760318923,hit
11,2,0,1,0.2049453086566698,-0.4431726311921461,hit
11,2,0,2,0.1889854803447466,-0.5033496530912779,hit
11,3,0,-2,0.20208989614434883,-0.3444452085885874,hit
11,3,0,-1,0.37436729732200846,-0.4425147883037882,hit
11,3,0,0,0.2007820665189467,-0.013206092215079533,hit
11,3,0,1,0.30202879010299305,-0.08788910085389512,hit
11,3,0,2,0.3262429471168037,-0.06765569653864223,hit
11,4,0,-2,0.2783700574442227,-0.1879723477153229,hit
11,4,0,-1,0.18038982207203458,-0.12673523948228613,hit
11,4,0,0,0.28426438571951107,-0.2224798328830425,hit
11,4,0,1,0.48755985266237833,-0.3321801092437718,hit
11,4,0,2,0.28094588483008337,-0.18447656619035285,hit
11,5,0,-2,0.17949053905332318,-0.17731082233750595,hit
11,5,0,-1,0.393009370707467,-0.04991009573497844,hit
11,5,0,0,0.3029735164997754,-0.18636767981284175,hit
11,5,0,1,0.3749394063075,-0.1623756730459438,hit
11,5,0,2,0.3472793707005419,-0.4355149993029673,hit
11,6,0,-2,0.34637732574310987,-0.12886414521700176,hit
11,6,0,-1,0.4219171341776662,-0.03618371169554906,hit
11,6,0,0,0.3384413200805012,0.1068676042185249,hit
11,6,0,1,0.36485594629747936,-0.2515246706078708,hit
11,6,0,2,0.40072190923977846,-0.25512312932770626,hit
11,7,0,-2,0.2125097632390458,-0.5606865634843169,hit
11,7,0,-1,0.2976738221720409,-0.5020788161515205,hit
11,7,0,0,0.30701144604095987,-0.49168484541049307,hit
11,7,0,1,0.4350462216677565,-0.1383444792224761,hit
11,7,0,2,0.484321021256544,-0.6696943967916745,hit
11,8,0,-2,0.09484129363527316,-0.4732674526394136,hit
11,8,0,-1,0.22998395073275846,-0.5894034470557175,hit
11,8,0,0,0.2701330486657879,-0.5569993110498934,hit
11,8,0,1,0.3906797060766154,-0.560538922846256,hit
11,8,0,2,0.0720257118411166,-0.6117863331593292,hit
11,9,0,-2,0.1609779281330755,-0.4500073434532921,hit
11,9,0,-1,0.22292419312021794,-0.6144624251821725,hit
11,9,0,0,0.15678996879111484,-0.5874208428003302,hit
11,9,0,1,0.3654216801733292,-0.41401611160496643,hit
11,9,0,2,0.34978671447428017,-0.4284513944282428,hit
11,10,0,-2,0.1282562898576994,-0.5555255431937177,hit
11,10,0,-1,0.17609624609963978,-0.6551820343874626,hit
11,10,0,0,0.12257190191091533,-0.5402815733812213,hit
11,10,0,1,-0.058945925205712374,-0.3877220940663225,hit
11,10,0,2,0.08455804049422536,-0.4757929153745366,hit
12,1,0,-2,-0.44890211812709785,-0.9008084617603824,hit
12,1,0,-1,-0.681122510937976,-0.8550993056690471,hit
12,1,0,0,-0.5242229766436928,-0.9519368928844735,hit
12,1,0,1,-0.5285091341373872,-0.8885618005576881,hit
12,1,0,2,-0.3926683456860672,-0.7922006077716001,hit
12,1,1,-2,-0.3053919736911448,-0.4282294208572788,hit
12,1,1,-1,-0.3037894370189626,-0.281206300519759,stick
12,1,1,0,-0.24000236461031793,-0.4012630607616211,hit
12,1,1,1,-0.22504520663284935,-0.27991555311416505,hit
12,1,1,2,-0.30650602627493617,-0.40275990310971704,hit
12,2,0,-2,-0.1687890979152033,-0.5049842287833346,hit
12,2,0,-1,-0.44170945103824305,-0.4479723342804923,hit
12,2,0,0,-0.24100893709020763,-0.62361118984538,hit
12,2,0,1,-0.26195935203998444,-0.5555697327961315,hit
12,2,0,2,-0.32319311024623426,-0.5397360758185653,hit
12,2,1,-2,0.09232178549756853,0.028716264653974116,hit
12,2,1,-1,0.18613938380417536,-0.26490810937500003,hit
12,2,1,0,-0.020769618283067448,-0.174658109375,hit
12,2,1,1,-0.01787750634284451,-0.1447684375,hit
12,2,1,2,0.03492913700221681,-0.222639870062077,hit
12,3,0,-2,-0.22858646774392694,-0.5792393259075933,hit
12,3,0,-1,-0.08224979849632923,-0.4429854912370909,hit
12,3,0,0,-0.41502523989096546,-0.41284528124574615,stick
12,3,0,1,-0.48512449535282076,-0.22226103352266208,stick
12,3,0,2,-0.12465927849335269,-0.43486013931969086,hit
12,3,1,-2,0.036987152237777016,0.04760579650031083,stick
12,3,1,-1,0.05777248935188822,-0.08903373482021486,hit
12,3,1,0,0.16924676419681012,-0.24094990772354008,hit
12,3,1,1,0.1105426019210429,-0.069908109375,hit
12,3,1,2,0.22425846116776396,-0.16307037964843749,hit
12,4,0,-2,-0.3698794721281508,-0.38826314150639357,hit
12,4,0,-1,-0.18975116300518857,-0.5804286495016061,hit
12,4,0,0,-0.4588699104635182,-0.46434849898503416,hit
12,4,0,1,-0.2511606706923789,-0.3455206072962878,hit
12,4,0,2,-0.04278891713487355,-0.38827392679358796,hit
12,4,1,-2,0.08595842484786924,-0.23752020000936488,hit
12,4,1,-1,0.13061709758260515,0.0454815625,hit
12,4,1,0,0.12122392036231194,-0.1605920687109375,hit
12,4,1,1,-0.008454026592763578,-0.0975,hit
12,4,1,2,0.11086826191240522,-0.2518844079542312,hit
12,5,0,-2,-0.17335365424940863,-0.45441935961447616,hit
12,5,0,-1,-0.3633954132052061,0.08152267438261437,stick
12,5,0,0,-0.4971787437146286,-0.4087326254946585,stick
12,5,0,1,-0.2652224984582464,-0.2858328663607578,hit
12,5,0,2,-0.337153903670494,-0.32335583698549947,stick
12,5,1,-2,0.12313051965675761,-0.19074407798004134,hit
12,5,1,-1,0.14627773233901956,0.014666860666015594,hit
12,5,1,0,0.1018642336794697,-0.029701920249657954,hit
12,5,1,1,0.14914006988200643,-0.09975625,hit
12,5,1,2,0.18791379159102517,0.05485391021121297,hit
12,6,0,-2,-0.09789609225156938,-0.2735416193937728,hit
12,6,0,-1,-0.20373750804732307,-0.3903560564639319,hit
12,6,0,0,-0.3226302415529038,-0.12108666755088988,stick
12,6,0,1,-0.5104942359181686,-0.34439827629695696,stick
12,6,0,2,-0.07208701101970784,-0.4295073571959648,hit
12,6,1,-2,0.194453775593995,-0.03544624585169814,hit
12,6,1,-1,0.2031978091059801,-0.074658109375,hit
12,6,1,0,0.14094006937627512,-0.08731497957650414,hit
12,6,1,1,0.11080897307995564,-0.0447684375,hit
12,6,1,2,0.07576360404337772,-0.09767639512337914,hit
12,7,0,-2,-0.3591715692868828,-0.4718343572621382,hit
12,7,0,-1,0.055233907309527416,-0.6645947817252841,hit
12,7,0,0,-0.14579012562917937,-0.5141961984928795,hit
12,7,0,1,-0.2490624513818915,-0.6129977641269866,hit
12,7,0,2,-0.23449473799326181,-0.49318316759138336,hit
12,7,1,-2,0.28605380380996154,-0.09820358856901099,hit
12,7,1,-1,0.053355411460894515,-0.0474343420116211,hit
12,7,1,0,0.2144213688883999,-0.31427982297049495,hit
12,7,1,1,0.2590079049458763,-0.042625,hit
12,7,1,2,0.21791461455722108,-0.142625,hit
12,8,0,-2,-0.44120152425732373,-0.6508962277659771,hit
12,8,0,-1,-0.17368450696787258,-0.5771245051554714,hit
12,8,0,0,-0.21476008104775576,-0.5635255614645159,hit
12,8,0,1,-0.18034983730851462,-0.7492942374324073,hit
12,8,0,2,-0.11524725616015893,-0.4687492593893298,hit
12,8,1,-2,0.08220785054921133,-0.15170922969833495,hit
12,8,1,-1,0.24988516882535924,-0.18558871379970215,hit
12,8,1,0,-0.04076131433382746,-0.2997662184135252,hit
12,8,1,1,0.0017719673787955342,-0.23657956871093755,hit
12,8,1,2,0.12397517337489432,-0.3064061709014871,hit
12,9,0,-2,-0.2361962245924607,-0.5669568993414734,hit
12,9,0,-1,-0.4176516034631523,-0.7800548844677078,hit
12,9,0,0,-0.43421507062588416,-0.47450243159610056,hit
12,9,0,1,-0.24534393628201873,-0.7122245041781496,hit
12,9,0,2,-0.35500297425751143,-0.4488916255357536,hit
12,9,1,-2,0.005530116633156213,-0.29168582259432413,hit
12,9,1,-1,0.05130993474316918,-0.21351922508451196,hit
12,9,1,0,-0.08340649297763722,-0.32684424268048234,hit
12,9,1,1,-0.07401121643989833,-0.09524375,hit
12,9,1,2,-0.009492431532084946,-0.14053722946764383,hit
12,10,0,-2,-0.5546608515916887,-0.75032964429377,hit
12,10,0,-1,-0.5312489730485892,-0.645528692987536,hit
12,10,0,0,-0.35205134633175694,-0.5537592687714352,hit
12,10,0,1,-0.49884754637428136,-0.7315676367420285,hit
12,10,0,2,-0.5272300373796468,-0.663603441521299,hit
12,10,1,-2,-0.20268959237964423,-0.8309929061350927,hit
12,10,1,-1,-0.15132727387424239,-0.37049792103037454,hit
12,10,1,0,-0.23542511460531274,-0.2888251599784175,hit
12,10,1,1,-0.1505482150948901,-0.3102946673239829,hit
12,10,1,2,-0.17250558037378907,-0.40414930225813933,hit
13,1,0,-2,-0.6226748189157706,-0.7645328534825774,hit
13,1,0,-1,-0.5227530478605746,-0.8808190759351978,hit
13,1,0,0,-0.6630686423641314,-0.8014022265146709,hit
13,1,0,1,-0.634254923465044,-0.8654711469517805,hit
13,1,0,2,-0.4543647462038435,-0.7853754090309537,hit
13,1,1,-2,-0.30860716548812983,-0.6016776621509767,hit
13,1,1,-1,-0.37621391618304917,-0.40974963742439646,hit
13,1,1,0,-0.4200791423887035,-0.5105721191844337,hit
13,1,1,1,-0.25119960851240763,-0.30626306076162113,hit
13,1,1,2,-0.24588715872073094,-0.5369088974646924,hit
13,2,0,-2,-0.4019206645792719,-0.3344009988308629,stick
13,2,0,-1,-0.4104183555023631,-0.3869207289636047,stick
13,2,0,0,-0.6076546577373748,-0.2408501945869051,stick
13,2,0,1,-0.40013037162854,-0.677084444598953,hit
13,2,0,2,-0.389729514223489,-0.5855010809544511,hit
13,2,1,-2,0.09031773839020171,-0.5507971818764941,hit
13,2,1,-1,0.1842499042293418,-0.08896125953066977,hit
13,2,1,0,0.12521286109051782,-0.13861921528482732,hit
13,2,1,1,0.01941224842695665,-0.1404815625,hit
13,2,1,2,0.08926375199779141,-0.1943118108617421,hit
13,3,0,-2,-0.17124503094851326,-0.5562887326467695,hit
13,3,0,-1,-0.5071012663817394,-0.5665282255725717,hit
13,3,0,0,-0.26021852656025724,-0.5974030945121876,hit
13,3,0,1,-0.2946403820051495,-0.6300074941627611,hit
13,3,0,2,-0.31785345120859465,-0.5128877067038757,hit
13,3,1,-2,0.11659737093425543,-0.10177842190030932,hit
13,3,1,-1,0.06727218694094295,-0.13713812466352512,hit
13,3,1,0,0.05968970046240381,-0.3320266419314638,hit
13,3,1,1,-0.09607186318667707,-0.10539562617800052,hit
13,3,1,2,0.04205511405852422,-0.12097280726588475,hit
13,4,0,-2,-0.2620446920552415,-0.41236930653072906,hit
13,4,0,-1,-0.32123296351735864,-0.4070107909425109,hit
13,4,0,0,-0.23426521351749538,-0.38604744232457305,hit
13,4,0,1,-0.38604522514362327,-0.12303603576843156,stick
13,4,0,2,-0.08018256038377544,-0.5898452852809446,hit
13,4,1,-2,0.06613862653588747,-0.04816386989150647,hit
13,4,1,-1,0.16005086998666987,-0.159564090492147,hit
13,4,1,0,0.12728817246730456,-0.22689111284873134,hit
13,4,1,1,-0.005790315812724531,-0.222692390209636,hit
13,4,1,2,0.16641525182328873,-0.35280337410897034,hit
13,5,0,-2,-0.39490159516762363,-0.39832756894434873,hit
13,5,0,-1,-0.46014491021935144,-0.3971664033156115,stick
13,5,0,0,-0.4928627142421866,-0.19256872055234672,stick
13,5,0,1,-0.4962336433524128,-0.3517522285710512,stick
13,5,0,2,-0.14674210546498395,-0.4674412277381116,hit
13,5,1,-2,0.1386368254997932,-0.07550921296234,hit
13,5,1,-1,0.16278779329762433,-0.10792424777038795,hit
13,5,1,0,0.08294103165811231,-0.06752433763474797,hit
13,5,1,1,0.098550408341426,-0.11464695091640875,hit
13,5,1,2,0.1089504553004824,-0.03730100040698284,hit
13,6,0,-2,-0.4486288195713033,0.02310581374421975,stick
13,6,0,-1,-0.09441749104970146,-0.5483854035037828,hit
13,6,0,0,-0.25809881151543307,-0.3169039562090352,hit
13,6,0,1,-0.4566718478904041,-0.3708019234824645,stick
13,6,0,2,-0.36573097934109344,0.056064530536989156,stick
13,6,1,-2,0.1499861698110876,-0.10661531178737577,hit
13,6,1,-1,0.19021530127641256,0.024486062371203696,hit
13,6,1,0,0.16092569005986507,0.02193644178360616,hit
13,6,1,1,0.05384346241689936,-0.1418460090859148,hit
13,6,1,2,0.22184748820215086,-0.0568365181793156,hit
13,7,0,-2,-0.3085286895678342,-0.6361089289392028,hit
13,7,0,-1,-0.10038650833657711,-0.7372267391935806,hit
13,7,0,0,-0.19723668507535447,-0.6076010436984205,hit
13,7,0,1,-0.3056363541577739,-0.5578170060886807,hit
13,7,0,2,-0.33357083033291446,-0.48685882974613737,hit
13,7,1,-2,0.2872552144630055,-0.3260341883199716,hit
13,7,1,-1,0.042460189204337584,-0.18672434175107908,hit
13,7,1,0,0.153463528342722,-0.35657040179532973,hit
13,7,1,1,0.14685569908304075,-0.07151373917349588,hit
13,7,1,2,-0.015250867058153195,-0.08529862966882076,hit
13,8,0,-2,-0.5116273679815233,-0.7494103722846931,hit
13,8,0,-1,-0.27114906876546424,-0.5815507714984093,hit
13,8,0,0,-0.384907441802781,-0.5969437482645061,hit
13,8,0,1,-0.151710856987432,-0.6087170847726272,hit
13,8,0,2,-0.4541820593851977,-0.3733960293880334,stick
13,8,1,-2,0.18507781062466566,-0.26217202790191635,hit
13,8,1,-1,-0.01904489094630385,-0.28162504023087165,hit
13,8,1,0,0.056726922560257395,-0.271633716890616,hit
13,8,1,1,0.0661637833894668,-0.23968248880415016,hit
13,8,1,2,-0.0635998941853597,-0.332407272792287,hit
13,9,0,-2,-0.31369233282890024,-0.6818220948056254,hit
13,9,0,-1,-0.31295451491493037,-0.7429355669831574,hit
13,9,0,0,-0.3444940371460111,-0.6770159753149455,hit
13,9,0,1,-0.1379901060777661,-0.8382665060424633,hit
13,9,0,2,-0.280826960954964,-0.5490513062938231,hit
13,9,1,-2,0.03139701395127559,-0.14921993576772954,hit
13,9,1,-1,-0.1043104716731745,-0.41753568154178144,hit
13,9,1,0,-0.009793012962951531,-0.4286186004813866,hit
13,9,1,1,0.06009917762997391,-0.34940612904665697,hit
13,9,1,2,0.04685988537696168,-0.5563043543357862,hit
13,10,0,-2,-0.5789448737005215,-0.5996658298370366,hit
13,10,0,-1,-0.545086065669238,-0.7922715457448458,hit
13,10,0,0,-0.7021490550259609,-0.5651489186172258,stick
13,10,0,1,-0.6449190565100005,-0.6873969923754989,hit
13,10,0,2,-0.4414800042692425,-0.7152422908019291,hit
13,10,1,-2,-0.12067002786535419,-0.6775036537669608,hit
13,10,1,-1,-0.21464398490444656,-0.5418585438740073,hit
13,10,1,0,-0.2216069549062424,-0.4539500037860105,hit
13,10,1,1,-0.22189803617365716,-0.4156559322615718,hit
13,10,1,2,-0.1916984589432492,-0.4356726789130107,hit
14,1,0,-2,-0.5560198363963217,-0.7600936961614214,hit
14,1,0,-1,-0.5207423775338669,-0.9199020072690842,hit
14,1,0,0,-0.6330155594785224,-0.6092197841228333,stick
14,1,0,1,-0.5884721567661709,-0.86576635641122,hit
14,1,0,2,-0.4319731880181742,-0.7730143288994583,hit
14,1,1,-2,-0.29170740848208604,-0.57546464240576,hit
14,1,1,-1,-0.3856444845040203,-0.4916296647808226,hit
14,1,1,0,-0.2446132695525141,-0.5462483321147377,hit
14,1,1,1,-0.2812591437004449,-0.3933321026530019,hit
14,1,1,2,-0.29896499837730633,-0.7087158286199404,hit
14,2,0,-2,-0.5025902602855249,-0.5077943097885541,hit
14,2,0,-1,-0.6391456475988087,-0.3087780453654026,stick
14,2,0,0,-0.4739593235248617,-0.6337288518846906,hit
14,2,0,1,-0.6257915570420904,-0.18680070090246567,stick
14,2,0,2,-0.7007965262248451,-0.3447029803786511,stick
14,2,1,-2,-0.11304380592862819,-0.391429576279346,hit
14,2,1,-1,-0.034006531001409185,-0.14679554298717506,hit
14,2,1,0,-0.05857973592446554,-0.1612785756075923,hit
14,2,1,1,-0.005027379343019261,-0.1717259853938708,hit
14,2,1,2,0.025567083264157842,-0.1859909237060558,hit
14,3,0,-2,-0.4513479579972321,-0.6708763592263227,hit
14,3,0,-1,-0.14363079350913482,-0.5102906757094972,hit
14,3,0,0,-0.5894513412719815,-0.36792381657517026,stick
14,3,0,1,-0.47152429190919154,-0.26601418907973046,stick
14,3,0,2,-0.5251457227324718,-0.5866336241131488,hit
14,3,1,-2,0.04402101402620899,-0.2026649581747746,hit
14,3,1,-1,-0.009262037861861349,-0.2552124077235401,hit
14,3,1,0,0.04983125196516807,-0.3344242450843955,hit
14,3,1,1,-0.034918450148531434,-0.10796789640298743,hit
14,3,1,2,0.011289443928380653,-0.3491875871198896,hit
14,4,0,-2,-0.6322480447256908,-0.5112222808230139,stick
14,4,0,-1,-0.33425409419275176,-0.641536877850287,hit
14,4,0,0,-0.5372137183109125,-0.10841828555095873,stick
14,4,0,1,-0.4333019772555055,-0.12142507061854316,stick
14,4,0,2,-0.5155875134726481,-0.06299424558665609,stick
14,4,1,-2,-0.06635722576051725,-0.3056158408407842,hit
14,4,1,-1,-0.019998623220775162,-0.3034085471464844,hit
14,4,1,0,0.05633651610214951,-0.21932236230645868,hit
14,4,1,1,0.018494802382865022,-0.027198565344524563,hit
14,4,1,2,0.06425851097452372,-0.10133840061893709,hit
14,5,0,-2,-0.45723643472597814,-0.23550404087513876,stick
14,5,0,-1,-0.3005949111172353,-0.5028562044788008,hit
14,5,0,0,-0.5534402071763824,-0.10111238704128389,stick
14,5,0,1,-0.27658678691959776,-0.5838539527487685,hit
14,5,0,2,-0.6480034454708037,-0.16656737616350098,stick
14,5,1,-2,0.10628007015904023,-0.22704648719208106,hit
14,5,1,-1,0.15709832936584459,-0.17768503059059235,hit
14,5,1,0,0.14520693273578006,-0.25933691086286986,hit
14,5,1,1,-0.05482490221458802,-0.12843006751582592,hit
14,5,1,2,0.1039334015537128,-0.1092718390977646,hit
14,6,0,-2,-0.0876386129435763,-0.3723039586407326,hit
14,6,0,-1,-0.22459236015499257,-0.20629332168664755,stick
14,6,0,0,-0.42079815827683115,0.25812302490139416,stick
14,6,0,1,-0.40705398769351625,0.0966890452574129,stick
14,6,0,2,-0.43463897153497905,-0.48758800724352297,hit
14,6,1,-2,0.12241020565481439,-0.18511763791057828,hit
14,6,1,-1,0.018424192294568768,-0.07261545841456477,hit
14,6,1,0,0.16772155798060562,-0.240092200908393,hit
14,6,1,1,0.12235576752475667,-0.21950200360125727,hit
14,6,1,2,0.05161282046540253,-0.10657967220128448,hit
14,7,0,-2,-0.18971451106065973,-0.6763348573859023,hit
14,7,0,-1,-0.1315243248102184,-0.44580291429393154,hit
14,7,0,0,-0.6900183323546911,-0.5466138098168672,stick
14,7,0,1,-0.249209742034864,-0.5484957640139536,hit
14,7,0,2,-0.4849203238284888,-0.5948776964595315,hit
14,7,1,-2,0.27062419944149385,-0.41505731920814937,hit
14,7,1,-1,0.08317090406902747,-0.40446297354854355,hit
14,7,1,0,0.06743642110681146,-0.23811125201216984,hit
14,7,1,1,0.03398268659661998,-0.2640117827235401,hit
14,7,1,2,-0.016883532207537293,-0.39888235793781773,hit
14,8,0,-2,-0.3816970907801269,-0.7430471756917416,hit
14,8,0,-1,-0.46660078516396614,-0.791930867751331,hit
14,8,0,0,-0.20688171723620058,-0.6643283695050217,hit
14,8,0,1,-0.4626030898327088,-0.690876007480536,hit
14,8,0,2,-0.37927301169255284,-0.7031736148225083,hit
14,8,1,-2,-0.038765600162514305,-0.46399259105996116,hit
14,8,1,-1,-0.018916943305776486,-0.2609159338257913,hit
14,8,1,0,-0.019692580252482765,-0.43462385428845074,hit
14,8,1,1,-0.03504477863475998,-0.34094990772354006,hit
14,8,1,2,-0.03817277041633809,-0.3982808410186347,hit
14,9,0,-2,-0.35108977925347823,-0.7430828365461697,hit
14,9,0,-1,-0.6479046271459391,-0.6322027443945009,stick
14,9,0,0,-0.47784817828518666,-0.5713268038126209,hit
14,9,0,1,-0.37757706160119603,-0.6156217658464329,hit
14,9,0,2,-0.4374466783917997,-0.6363330797087254,hit
14,9,1,-2,-0.1854508073517552,-0.41971668245828353,hit
14,9,1,-1,-0.05547052598185905,-0.3398666749086239,hit
14,9,1,0,-0.19749168746419185,-0.5480343140378804,hit
14,9,1,1,-0.04406294394921406,-0.29060845005837577,hit
14,9,1,2,-0.009963105448730903,-0.3172150028992926,hit
14,10,0,-2,-0.6458422300875138,-0.7303878075689919,hit
14,10,0,-1,-0.4944349746840185,-0.8199387168917088,hit
14,10,0,0,-0.5255440345895955,-0.7435938192124941,hit
14,10,0,1,-0.47605968592189596,-0.6471764669479017,hit
14,10,0,2,-0.38499445006374705,-0.6387956926300864,hit
14,10,1,-2,-0.2617192943127985,-0.8298145807392291,hit
14,10,1,-1,-0.17120585462595642,-0.6912759492049312,hit
14,10,1,0,-0.23348720027999081,-0.6579701074418998,hit
14,10,1,1,-0.17677059395625638,-0.3501140555700859,hit
14,10,1,2,-0.1622228812443611,-0.7614003717203944,hit
15,1,0,-2,-0.630742939475175,-0.7507998414062171,hit
15,1,0,-1,-0.7954830475106248,-0.8777926221602351,hit
15,1,0,0,-0.5345351100679907,-0.8164971916743606,hit
15,1,0,1,-0.6366614991941921,-0.8303025806701995,hit
15,1,0,2,-0.7705591024881903,-0.7134623898818272,stick
15,1,1,-2,-0.3985147481021768,-0.5400533504777565,hit
15,1,1,-1,-0.3097998623465055,-0.4668750402308716,hit
15,1,1,0,-0.3615288287020133,-0.505992632691687,hit
15,1,1,1,-0.21573561939980898,-0.3262570293510252,hit
15,1,1,2,-0.407830216254308,-0.5553854354127877,hit
15,2,0,-2,-0.5281185925879208,-0.4708770773255746,stick
15,2,0,-1,-0.6343044192740911,-0.40074845944982673,stick
15,2,0,0,-0.2101098805965521,-0.5918837885180354,hit
15,2,0,1,-0.6513172040123334,-0.1743050949371536,stick
15,2,0,2,-0.5960156392374216,-0.7413641432053059,hit
15,2,1,-2,-0.06916794558536402,-0.2840510398590072,hit
15,2,1,-1,0.022282313117485558,-0.06330930996016601,hit
15,2,1,0,-0.1263374611196224,-0.22440020513932243,hit
15,2,1,1,-0.08400645748119862,-0.2142764992488343,hit
15,2,1,2,-0.028007615879027115,-0.17247842081625855,hit
15,3,0,-2,-0.547936058974789,-0.4335458098442001,stick
15,3,0,-1,-0.2747037710550694,-0.5445202755734647,hit
15,3,0,0,-0.7241356732412891,-0.11173664561269214,stick
15,3,0,1,-0.6918986662559631,0.0073680321568865,stick
15,3,0,2,-0.6422214822691144,-0.2820813324233773,stick
15,3,1,-2,0.04984579806640671,-0.2568082423448314,hit
15,3,1,-1,0.06336657848019814,-0.34002633749212463,hit
15,3,1,0,0.008198330680800163,-0.01254061585145605,hit
15,3,1,1,0.045106214931346575,-0.13178256329744914,hit
15,3,1,2,-0.0011111665247226323,-0.1100748353562169,hit
15,4,0,-2,-0.5172008246347406,0.04382233128504082,stick
15,4,0,-1,-0.3485889249209987,-0.4309961980451569,hit
15,4,0,0,-0.5969263788245992,-0.18692482746728,stick
15,4,0,1,-0.6187737655205445,-0.5939301874468972,stick
15,4,0,2,-0.49545091563813504,-0.1752935672507519,stick
15,4,1,-2,0.06662365541972566,-0.17198952039074045,hit
15,4,1,-1,0.04836699104275423,-0.17210686838725608,hit
15,4,1,0,0.1382165377152609,-0.21047378129959238,hit
15,4,1,1,0.03105057791258909,-0.10709691687555611,hit
15,4,1,2,0.17679045227241863,-0.24323892187188806,hit
15,5,0,-2,-0.5370464824963284,-0.1711838535376468,stick
15,5,0,-1,-0.6106125816911153,-0.3079265480205566,stick
15,5,0,0,-0.49968509341704287,0.050406975445332826,stick
15,5,0,1,-0.6595692169672915,-0.22496804273253185,stick
15,5,0,2,-0.4558166276597573,-0.46128263890381305,hit
15,5,1,-2,0.16431750051517657,-0.21691432360349078,hit
15,5,1,-1,0.17368233310289463,-0.0586874818799859,hit
15,5,1,0,0.0831949123804503,-0.23530755892908573,hit
15,5,1,1,0.1227582581810485,-0.042853402700842,hit
15,5,1,2,-0.10777234584318916,-0.3337835193521197,hit
15,6,0,-2,-0.49104696473477133,0.10092493732150559,stick
15,6,0,-1,-0.4563196347555419,0.07404380405673977,stick
15,6,0,0,-0.572236742054244,-0.2406161029237604,stick
15,6,0,1,-0.5517115604478868,-0.5065742340434627,stick
15,6,0,2,-0.4437636334101243,-0.18759532089348685,stick
15,6,1,-2,0.10910671526013366,-0.2030231550654071,hit
15,6,1,-1,0.1658940434298988,-0.3277129470114829,hit
15,6,1,0,0.17212324374768972,-0.25981837485787596,hit
15,6,1,1,0.06916254060501492,-0.1445250755037755,hit
15,6,1,2,0.08199315614304353,-0.05058316053156163,hit
15,7,0,-2,-0.23853088172477552,-0.7866618183893144,hit
15,7,0,-1,-0.3199025691157906,-0.5972182625303288,hit
15,7,0,0,-0.6711520075152642,-0.7257917766389868,hit
15,7,0,1,-0.39194449751269195,-0.7291458083442638,hit
15,7,0,2,-0.759756380983127,-0.5959152376320894,stick
15,7,1,-2,-0.08144104456859046,-0.5321362358044023,hit
15,7,1,-1,0.09030706941014742,-0.31101306076162116,hit
15,7,1,0,0.11875182610600951,-0.4656362441305205,hit
15,7,1,1,-0.044848892017720826,-0.11861132025625865,hit
15,7,1,2,0.040942787172084036,-0.32901743027394215,hit
15,8,0,-2,-0.4931505268399715,-0.7216968537472175,hit
15,8,0,-1,-0.5422173981803319,-0.6806056678618321,hit
15,8,0,0,-0.39394889953002826,-0.77965219602114,hit
15,8,0,1,-0.4230846109459232,-0.8571919940175802,hit
15,8,0,2,-0.3047644527291558,-0.7342140340708226,hit
15,8,1,-2,0.04375437153573121,-0.24819191578954775,hit
15,8,1,-1,0.06320488821674193,-0.24094990772354008,hit
15,8,1,0,-0.019773035985050626,-0.34115381481709384,hit
15,8,1,1,-0.028430971162628823,-0.21814872765799487,hit
15,8,1,2,-0.17064495470029176,-0.1898402830016776,hit
15,9,0,-2,-0.3822691087619205,-0.6283869600234505,hit
15,9,0,-1,-0.5336126985762094,-0.7965457920608382,hit
15,9,0,0,-0.4272273421717452,-0.7024180024907014,hit
15,9,0,1,-0.3721404558237426,-0.6808094395831247,hit
15,9,0,2,-0.5369200173375571,-0.5426164405304248,hit
15,9,1,-2,0.0036352804078718815,-0.32789159237607535,hit
15,9,1,-1,-0.25732408092337844,-0.2897986485511381,hit
15,9,1,0,-0.19543130628676747,-0.46057990369026386,hit
15,9,1,1,-0.15791663688821977,-0.32989794931367306,hit
15,9,1,2,-0.024841392648932602,-0.38341509053055856,hit
15,10,0,-2,-0.48443235384881994,-0.719797293159686,hit
15,10,0,-1,-0.6048500023167209,-0.7876630098252468,hit
15,10,0,0,-0.4692364716226375,-0.6881363153176412,hit
15,10,0,1,-0.7760554790408424,-0.7222995610695482,stick
15,10,0,2,-0.6358611225957077,-0.6307669956972688,stick
15,10,1,-2,-0.18640346292980556,-0.5013769816489823,hit
15,10,1,-1,-0.31174900109647646,-0.5801716845515781,hit
15,10,1,0,-0.29659445576458476,-0.6365786284988639,hit
15,10,1,1,-0.30419834030504017,-0.45560415404439364,hit
15,10,1,2,-0.20819700545253617,-0.7192256215891205,hit
16,1,0,-2,-0.5270625355272073,-0.8156357030190647,hit
16,1,0,-1,-0.5728299948219021,-0.8549925201085257,hit
16,1,0,0,-0.697085532047602,-0.8079614345256392,hit
16,1,0,1,-0.5620213876395023,-0.9176060892458946,hit
16,1,0,2,-0.6922154946649831,-0.8018840551227667,hit
16,1,1,-2,-0.3500282828548303,-0.5319063295984608,hit
16,1,1,-1,-0.3218524425724182,-0.5220059708569847,hit
16,1,1,0,-0.5333461431835292,-0.5429956536885024,hit
16,1,1,1,-0.3566063205758452,-0.5120459351714477,hit
16,1,1,2,-0.32442806542233626,-0.6224304462600271,hit
16,2,0,-2,-0.6479187533964413,-0.6406005267147703,stick
16,2,0,-1,-0.33146783913703853,-0.7322365705533309,hit
16,2,0,0,-0.7370147110168755,-0.41729788880809143,stick
16,2,0,1,-0.5639279845649702,-0.21747027709303646,stick
16,2,0,2,-0.7504797610672952,-0.23221027921086207,stick
16,2,1,-2,0.07133795714297599,-0.3120918929931474,hit
16,2,1,-1,-0.14861464474852432,-0.18987558879970215,hit
16,2,1,0,-0.08326215689711906,-0.38509623245998204,hit
16,2,1,1,-0.05332316930634158,-0.28747646247717357,hit
16,2,1,2,-0.012708916215509746,-0.1786856890725963,hit
16,3,0,-2,-0.6398014823357219,-0.5466719832311326,stick
16,3,0,-1,-0.5325573774189089,-0.16538893596510543,stick
16,3,0,0,-0.6107832390278791,-0.6046218932682578,stick
16,3,0,1,-0.5848765062094003,-0.39778477536568946,stick
16,3,0,2,-0.6573245585929222,-0.31017184249416874,stick
16,3,1,-2,-0.09576058964169272,-0.1225177909826364,hit
16,3,1,-1,-0.06894412286104926,-0.18826860261364253,hit
16,3,1,0,0.010905559975568978,-0.08272145749434065,hit
16,3,1,1,-0.13134884990613238,-0.2669499185664277,hit
16,3,1,2,-0.044865822151670134,-0.19716138346038461,hit
16,4,0,-2,-0.6106339560403622,-0.38195230298844524,stick
16,4,0,-1,-0.46276284304204746,-0.4764759783960062,hit
16,4,0,0,-0.5996749360476807,-0.1333231351628797,stick
16,4,0,1,-0.5483067445461602,-0.5815138349003566,hit
16,4,0,2,-0.6126008499274911,-0.11080681083858793,stick
16,4,1,-2,-0.047691932523167155,-0.13776797553986542,hit
16,4,1,-1,-0.04857815014041919,-0.17299208296416246,hit
16,4,1,0,-0.009650816565142387,-0.20593840377944062,hit
16,4,1,1,-0.08418192976793655,-0.14407704888383305,hit
16,4,1,2,0.08774274580460636,-0.06885070266199031,hit
16,5,0,-2,-0.4218956365832571,-0.5145795226695805,hit
16,5,0,-1,-0.519643566165461,-0.16107400813296066,stick
16,5,0,0,-0.4577331665677072,0.12505639075550193,stick
16,5,0,1,-0.6764347609390255,-0.21609312416010099,stick
16,5,0,2,-0.5425211282446714,0.14456034928398492,stick
16,5,1,-2,0.21263482305799675,-0.05044894194465403,hit
16,5,1,-1,0.07220036236992582,0.002943871925630219,hit
16,5,1,0,0.06429364412929192,-0.18254921131643478,hit
16,5,1,1,0.07722179699626483,-0.24393118435971706,hit
16,5,1,2,-0.03389659356537359,-0.18839564165394257,hit
16,6,0,-2,-0.3532557948143162,-0.632081470157929,hit
16,6,0,-1,-0.6945726314950417,0.08240402414187756,stick
16,6,0,0,-0.3440534894576956,-0.062164666625327505,stick
16,6,0,1,-0.5275747022665751,-0.1018141930631132,stick
16,6,0,2,-0.524030491515356,-0.37460464963999784,stick
16,6,1,-2,-0.05663198433563552,-0.10142099067362736,hit
16,6,1,-1,0.027984378036028733,0.0005229417773842393,hit
16,6,1,0,0.14277889062166926,-0.35085014355014843,hit
16,6,1,1,0.13099602614465208,-0.10481135160103308,hit
16,6,1,2,0.09105780357692565,-0.3690724719698694,hit
16,7,0,-2,-0.2035423224400976,-0.7853024728308243,hit
16,7,0,-1,-0.45214899915401807,-0.7360113191455816,hit
16,7,0,0,-0.35110446529164424,-0.7425550441167935,hit
16,7,0,1,-0.7220632706370602,-0.3225896093677003,stick
16,7,0,2,-0.1790064246875906,-0.7439163591988507,hit
16,7,1,-2,0.036665585625733084,-0.4763840117035176,hit
16,7,1,-1,-0.018853736038048394,-0.17459696698177024,hit
16,7,1,0,-0.1098648759911755,-0.391126027848123,hit
16,7,1,1,-0.1305141178494724,-0.2777482140303933,hit
16,7,1,2,0.025576808551786342,-0.3464300540460431,hit
16,8,0,-2,-0.3419975304143758,-0.7589408628305024,hit
16,8,0,-1,-0.517579445515205,-0.7148434701249949,hit
16,8,0,0,-0.6583111756641472,-0.7053548206994585,hit
16,8,0,1,-0.7309150813601987,-0.5479358888173314,stick
16,8,0,2,-0.48021789592103586,-0.8000029087868716,hit
16,8,1,-2,0.04477379171472133,-0.4193781324405861,hit
16,8,1,-1,-0.037776941166318315,-0.44170876984024665,hit
16,8,1,0,-0.18550426641767565,-0.3327649419885611,hit
16,8,1,1,-0.12281963982658413,-0.5113679692530285,hit
16,8,1,2,-0.017783802649558547,-0.4645379903485687,hit
16,9,0,-2,-0.3488204789058327,-0.7682462155498875,hit
16,9,0,-1,-0.5823300440179807,-0.7225620573048689,hit
16,9,0,0,-0.4896653303902075,-0.690719209737806,hit
16,9,0,1,-0.7715651277358004,-0.6872788118463098,stick
16,9,0,2,-0.4116514729574948,-0.669233725347786,hit
16,9,1,-2,-0.10448064780403872,-0.5861287577588727,hit
16,9,1,-1,-0.20771890381570518,-0.48239186968582204,hit
16,9,1,0,-0.02015170278498471,-0.46888545243182567,hit
16,9,1,1,-0.23419265163579409,-0.36136617811416505,hit
16,9,1,2,-0.2066836157281378,-0.4600401880802945,hit
16,10,0,-2,-0.7409104563396215,-0.37720238788928623,stick
16,10,0,-1,-0.4678412406728401,-0.6699907735588605,hit
16,10,0,0,-0.5800641395809638,-0.8218405327971259,hit
16,10,0,1,-0.719568863674429,-0.5939732995655798,stick
16,10,0,2,-0.5673819678679951,-0.8186265126988517,hit
16,10,1,-2,-0.2614717704268126,-0.49240466887154766,hit
16,10,1,-1,-0.263359849692323,-0.5595274805766709,hit
16,10,1,0,-0.24039111051033843,-0.671848230496509,hit
16,10,1,1,-0.28895584775926103,-0.6120436616128903,hit
16,10,1,2,-0.23255090053437968,-0.5263431355296504,hit
17,1,0,-2,-0.8381018408388773,-0.7451984372063102,stick
17,1,0,-1,-0.7802571196365199,-0.8099221179288898,hit
17,1,0,0,-0.5936643770042251,-0.8363704981736093,hit
17,1,0,1,-0.7269978666877801,-0.5547566916919477,stick
17,1,0,2,-0.8390253426905881,-0.648356534290402,stick
17,1,1,-2,-0.5104696766391944,-0.616799225464753,hit
17,1,1,-1,-0.36126247964594765,-0.41632721532588585,hit
17,1,1,0,-0.4946439943611004,-0.5480786312576872,hit
17,1,1,1,-0.35879998722761997,-0.520227910217503,hit
17,1,1,2,-0.30811342017267573,-0.5422991136334921,hit
17,2,0,-2,-0.5493266421684071,-0.11120788535111432,stick
17,2,0,-1,-0.5300139035218386,0.09085257974547596,stick
17,2,0,0,-0.8274018189390465,0.038055537952049995,stick
17,2,0,1,-0.537289823125459,-0.1919772344764287,stick
17,2,0,2,-0.6204365315826686,-0.017260234259344292,stick
17,2,1,-2,0.004098617291442147,-0.2312280575868819,hit
17,2,1,-1,-0.05217253345981443,-0.16732492566255366,hit
17,2,1,0,-0.014552560080448423,-0.1639423420706115,hit
17,2,1,1,0.11465037527020738,-0.14050608414242322,hit
17,2,1,2,-0.06989379590343243,-0.4607165808143923,hit
17,3,0,-2,-0.5009419717089043,0.07762781420743115,stick
17,3,0,-1,-0.7623037373734739,-0.16098975022140982,stick
17,3,0,0,-0.6540655740094468,-0.266186095475355,stick
17,3,0,1,-0.5390133180877514,-0.4740909687271892,stick
17,3,0,2,-0.6709084212976111,0.060698041098309674,stick
17,3,1,-2,0.027193609242336762,-0.2620826118178548,hit
17,3,1,-1,0.07281480204631499,-0.1435456181651385,hit
17,3,1,0,-0.07997982824186647,-0.1094361696146686,hit
17,3,1,1,-0.04897361635693364,-0.16962264895549142,hit
17,3,1,2,0.07959375982520078,-0.3490511724679503,hit
17,4,0,-2,-0.4643928480107808,-0.1717552067651147,stick
17,4,0,-1,-0.5880550874469981,-0.31053999013997813,stick
17,4,0,0,-0.6060882045270677,-0.22772215348579636,stick
17,4,0,1,-0.5915455398345179,-0.02532516888954512,stick
17,4,0,2,-0.5832467423796176,-0.20645237706538333,stick
17,4,1,-2,0.08467010026008334,-0.0941025572213958,hit
17,4,1,-1,-0.03256189381875156,-0.0715119827342641,hit
17,4,1,0,0.09256599823878514,0.018382422667013745,hit
17,4,1,1,0.13216439610976058,-0.17520559496257698,hit
17,4,1,2,0.09728748422644228,-0.04131023631993966,hit
17,5,0,-2,-0.6145398974674349,-0.14091991312916158,stick
17,5,0,-1,-0.51295521072169,0.11230696753014033,stick
17,5,0,0,-0.49781300208561086,0.09762906309490951,stick
17,5,0,1,-0.7399928892114064,-0.20502289507150942,stick
17,5,0,2,-0.4518997555794387,-0.05990483336858883,stick
17,5,1,-2,0.1379272708041712,-0.08246525033706961,hit
17,5,1,-1,0.14601125651638575,0.01062256102645999,hit
17,5,1,0,0.10753385451992604,-0.011498501207125061,hit
17,5,1,1,0.11766607625597146,-0.16738849988564777,hit
17,5,1,2,0.061878574109290096,0.012838756657707125,hit
17,6,0,-2,-0.4655432722026835,0.04468758852109219,stick
17,6,0,-1,-0.4215276232673809,0.31231938302623846,stick
17,6,0,0,-0.673506775476609,0.10823506576032443,stick
17,6,0,1,-0.6550143270484459,0.2568023337344168,stick
17,6,0,2,-0.6017529173755042,0.0015748594503599,stick
17,6,1,-2,0.2662582615529097,-0.08531363681001128,hit
17,6,1,-1,0.13771592233016655,-0.0027319635125152633,hit
17,6,1,0,0.1284919134937502,0.07129850403263044,hit
17,6,1,1,0.07744288581180175,-0.05894113362267568,hit
17,6,1,2,0.11850041118657462,-0.10251727432181619,hit
17,7,0,-2,-0.40631274521140587,0.12478762833005624,stick
17,7,0,-1,-0.4404345124393983,-0.015576542557863619,stick
17,7,0,0,-0.4887930304781164,-0.09385186340719465,stick
17,7,0,1,-0.39125916227887736,-0.24920447597114675,stick
17,7,0,2,-0.6110184604100706,0.20991298441995473,stick
17,7,1,-2,-0.046922096090182566,-0.10625740788489652,hit
17,7,1,-1,0.1040301517879212,-0.3003064421465583,hit
17,7,1,0,0.029413433548419556,-0.11700620363285566,hit
17,7,1,1,0.039552397905011784,-0.031661018098916825,hit
17,7,1,2,0.10202246306444264,-0.13877552618050237,hit
17,8,0,-2,-0.5956247130631693,-0.5578059747571436,stick
17,8,0,-1,-0.4457497910469905,-0.7629871278361487,hit
17,8,0,0,-0.57620292125328,-0.5276537505535959,stick
17,8,0,1,-0.6433812580427815,-0.2424889635083102,stick
17,8,0,2,-0.7274342213167365,-0.4733911001839709,stick
17,8,1,-2,-0.0848477868596234,-0.2497113695190015,hit
17,8,1,-1,-0.01063490531775483,-0.2840638531363937,hit
17,8,1,0,-0.026563971059798096,-0.22598711238511263,hit
17,8,1,1,-0.20258921539486796,-0.28138322830423146,hit
17,8,1,2,-0.10704854667104399,-0.47692536082962345,hit
17,9,0,-2,-0.7119992051854194,-0.6519766209321923,stick
17,9,0,-1,-0.7298058719478144,-0.5959756574168357,stick
17,9,0,0,-0.6162589694496705,-0.3723016584213951,stick
17,9,0,1,-0.5678901161616551,-0.5598863437593187,stick
17,9,0,2,-0.6333821789411331,-0.3204047720941206,stick
17,9,1,-2,-0.2147741346542511,-0.3050541419061321,hit
17,9,1,-1,-0.1991942279486813,-0.4473973470108256,hit
17,9,1,0,-0.1410082416083661,-0.2522590610613417,hit
17,9,1,1,-0.16778166935363023,-0.3236031130903611,hit
17,9,1,2,-0.03462856958805546,-0.4576060647354316,hit
17,10,0,-2,-0.7831756178093973,-0.4342788188917899,stick
17,10,0,-1,-0.772248403730833,-0.729842752263668,stick
17,10,0,0,-0.7326638818470625,-0.27989739073497133,stick
17,10,0,1,-0.7266876930866201,-0.6057629419407924,stick
17,10,0,2,-0.6949414810897406,-0.5101876404772665,stick
17,10,1,-2,-0.259897436706364,-0.6548205717297303,hit
17,10,1,-1,-0.34002823948689315,-0.5964463632135244,hit
17,10,1,0,-0.29093019196777603,-0.4025825081447426,hit
17,10,1,1,-0.4054056597994049,-0.48548708963578585,hit
17,10,1,2,-0.1522884140303343,-0.5809473431371955,hit
18,1,0,-2,-0.7590993259825322,-0.3155160453402691,stick
18,1,0,-1,-0.87820629579914,-0.46686927617146806,stick
18,1,0,0,-0.7229838132803724,-0.6269516849377971,stick
18,1,0,1,-0.6774859709222344,-0.30580066675825796,stick
18,1,0,2,-0.8050363358338277,-0.18548140862987533,stick
18,1,1,-2,-0.3982894952670764,-0.459833497105202,hit
18,1,1,-1,-0.32238487525984505,-0.4651131278466298,hit
18,1,1,0,-0.40942442062409934,-0.4733562724129369,hit
18,1,1,1,-0.1766062850255875,-0.2894139342676544,hit
18,1,1,2,-0.4261979012545102,-0.22769093760313835,stick
18,2,0,-2,-0.680673159100669,0.2855571050293231,stick
18,2,0,-1,-0.5533727307353685,0.10120465319318311,stick
18,2,0,0,-0.5919309368889464,-0.06782007404218643,stick
18,2,0,1,-0.49840257529262644,0.3894741500696201,stick
18,2,0,2,-0.7383622760027787,0.3512144816111893,stick
18,2,1,-2,0.23135219126011022,-0.1024758642508416,hit
18,2,1,-1,0.14023895893080704,-0.09241472308439437,hit
18,2,1,0,0.00976325637511008,0.009401302758552048,hit
18,2,1,1,-0.030221106291068594,0.04273500288156256,stick
18,2,1,2,-0.02464680181789517,0.00329150716175583,stick
18,3,0,-2,-0.5788690635443585,0.31838188810452905,stick
18,3,0,-1,-0.6840173790841138,0.1702531935683937,stick
18,3,0,0,-0.6850021062403857,-0.12097310463643637,stick
18,3,0,1,-0.3982808002822207,-0.16855148981516538,stick
18,3,0,2,-0.5618401748983511,-0.1368489612693933,stick
18,3,1,-2,0.029219225794620798,-0.058054658764825205,hit
18,3,1,-1,-0.06708885547952945,0.275827079950963,stick
18,3,1,0,0.07908936765225803,-0.09335768760114707,hit
18,3,1,1,0.05618069629185541,-0.05551391156833119,hit
18,3,1,2,0.1514588090917029,-0.05224890141945384,hit
18,4,0,-2,-0.38007029981274815,0.2601090118035364,stick
18,4,0,-1,-0.7161838430181818,0.26472889747147915,stick
18,4,0,0,-0.6380198593413985,0.16805615793086714,stick
18,4,0,1,-0.660307839812789,0.25533630727658546,stick
18,4,0,2,-0.6816282745066138,0.057724416860140564,stick
18,4,1,-2,0.19097658000802542,-0.0883287365377199,hit
18,4,1,-1,0.25632661645993354,0.04793488798897478,hit
18,4,1,0,0.0051324982561291015,0.4523783407124268,stick
18,4,1,1,0.07736477528263931,-0.09596206674399341,hit
18,4,1,2,0.16691919742742625,0.08703758764601308,hit
18,5,0,-2,-0.3561477012368811,0.19209896342103686,stick
18,5,0,-1,-0.4426152097426381,0.43607666423187935,stick
18,5,0,0,-0.5952136736656501,0.29167868377261214,stick
18,5,0,1,-0.578506401039075,0.1579931190199578,stick
18,5,0,2,-0.5522102322449961,0.12992311916691462,stick
18,5,1,-2,0.06227428394065697,-0.043625167989933836,hit
18,5,1,-1,0.14192469818932782,-0.051221573793831056,hit
18,5,1,0,0.15381105216597754,-0.0929330699536883,hit
18,5,1,1,0.06457542940966556,0.038259225802084684,hit
18,5,1,2,0.0822265310542302,0.013765413767413526,hit
18,6,0,-2,-0.4526247141541319,0.36519010560555304,stick
18,6,0,-1,-0.5278204443579985,0.39098941726321146,stick
18,6,0,0,-0.6061299388513199,-0.012390291273890755,stick
18,6,0,1,-0.22448339261090056,0.12069830549242011,stick
18,6,0,2,-0.5613392036070188,0.31148651139522704,stick
18,6,1,-2,0.17697313424480857,0.5104422599727902,stick
18,6,1,-1,0.22380753073918785,-0.038804665030062836,hit
18,6,1,0,0.20748778524139283,-0.06829321097194338,hit
18,6,1,1,0.1342013345094623,-0.05606733125966569,hit
18,6,1,2,0.176344039370182,0.03734763386433223,hit
18,7,0,-2,-0.44166198915431953,0.41517388939094646,stick
18,7,0,-1,-0.5012221602215537,0.46192029333615936,stick
18,7,0,0,-0.6181022300325663,0.44285104648437806,stick
18,7,0,1,-0.6521157117753619,0.3735419591592761,stick
18,7,0,2,-0.4189932025352459,0.4703046159465225,stick
18,7,1,-2,0.14075382927176192,0.053088367788378985,hit
18,7,1,-1,0.2699218069834686,0.023033861174012092,hit
18,7,1,0,0.09430499463138903,0.4336131395039499,stick
18,7,1,1,-0.12299661891972828,0.46360086021460434,stick
18,7,1,2,0.1016110088804577,0.35179285302007424,stick
18,8,0,-2,-0.6450639805134344,0.004161075193051041,stick
18,8,0,-1,-0.6578363533026651,0.0937459623169973,stick
18,8,0,0,-0.4345621564560538,0.06839959764260325,stick
18,8,0,1,-0.5765655503716005,0.16113554572357353,stick
18,8,0,2,-0.4800058362440712,0.2917396472670544,stick
18,8,1,-2,0.040813638692420294,0.1661552360910481,stick
18,8,1,-1,0.13189333874992773,-0.1216714593359375,hit
18,8,1,0,-0.0008644484482773843,-0.07670933392417471,hit
18,8,1,1,0.1657172223340091,-0.15663038161448412,hit
18,8,1,2,-0.010800818260327805,-0.11748668965098541,hit
18,9,0,-2,-0.733337689760656,0.10856943574723707,stick
18,9,0,-1,-0.6632303408589413,-0.28946041020042357,stick
18,9,0,0,-0.650565586052739,-0.2772109984462933,stick
18,9,0,1,-0.6526790246338744,-0.09827295550152182,stick
18,9,0,2,-0.6643347264618636,-0.12581976688685217,stick
18,9,1,-2,-0.06195690619400197,-0.3166896808007006,hit
18,9,1,-1,-0.13784621734176195,-0.27678469278545514,hit
18,9,1,0,-0.07214119365795509,-0.3118876792925599,hit
18,9,1,1,-0.10317840830064695,-0.3155937794654179,hit
18,9,1,2,-0.0006464161821920847,-0.18926448595920803,hit
18,10,0,-2,-0.776974779603659,-0.47779034046170754,stick
18,10,0,-1,-0.7638322648306726,-0.5231508392006242,stick
18,10,0,0,-0.5763486915755702,-0.15250620329310766,stick
18,10,0,1,-0.4780627147699159,-0.30117268437371447,stick
18,10,0,2,-0.6136210192275681,-0.11102758234852686,stick
18,10,1,-2,-0.2370302350359155,-0.5438408443998098,hit
18,10,1,-1,-0.2699856727755301,-0.30228794391452374,hit
18,10,1,0,-0.22117170812268705,-0.3817977342924665,hit
18,10,1,1,-0.23655204496381957,-0.2694967373128621,hit
18,10,1,2,-0.13138750605747626,-0.4934202533891492,hit
19,1,0,-2,-0.87073503660841,-0.22606605326930843,stick
19,1,0,-1,-0.9060304022209759,-0.17532563844546278,stick
19,1,0,0,-0.9170562635082444,-0.16937942857335744,stick
19,1,0,1,-0.7981916734072062,-0.02232950992499829,stick
19,1,0,2,-0.7733964357616198,0.07163819095976491,stick
19,1,1,-2,-0.21376010305457405,-0.3417998079946288,hit
19,1,1,-1,-0.3225701163844367,-0.44755920406131167,hit
19,1,1,0,-0.16063015025275304,-0.3405972576842098,hit
19,1,1,1,-0.2739708172362257,-0.2234346019085613,stick
19,1,1,2,-0.43516440963116426,0.08747915828258371,stick
19,2,0,-2,-0.8224414621757097,0.6792512320798195,stick
19,2,0,-1,-0.5210329701211063,0.33404220746052854,stick
19,2,0,0,-0.6397658325288897,0.497851659130545,stick
19,2,0,1,-0.7174864650682479,0.5207589668915706,stick
19,2,0,2,-0.7759275554446186,0.23033332399364417,stick
19,2,1,-2,0.028545387727829323,0.3640050888708911,stick
19,2,1,-1,0.0914456644216828,0.2140974980025843,stick
19,2,1,0,-0.09876414923478005,0.4164320191151323,stick
19,2,1,1,0.11081888479972682,0.5651735420157886,stick
19,2,1,2,0.06112138541119365,0.5278713206140248,stick
19,3,0,-2,-0.7306062495880548,0.303469471641656,stick
19,3,0,-1,-0.8370083993707981,0.4538103666281676,stick
19,3,0,0,-0.5909069995515952,0.14413415063971924,stick
19,3,0,1,-0.8543098300434332,0.40028465385471385,stick
19,3,0,2,-0.6844377583915514,0.4451653816954926,stick
19,3,1,-2,0.07591177653584659,0.4636593265586825,stick
19,3,1,-1,-0.056453238245476184,0.344524412827222,stick
19,3,1,0,0.0654596896538678,0.23414888807708684,stick
19,3,1,1,0.04547509859663484,0.4812967129054295,stick
19,3,1,2,0.1426821596608387,0.43028383897515926,stick
19,4,0,-2,-0.765717923801027,0.3308125376116139,stick
19,4,0,-1,-0.7817476232377012,0.22792143245942384,stick
19,4,0,0,-0.8175666818936982,0.2579730821941417,stick
19,4,0,1,-0.6741454495904704,0.4772286262677547,stick
19,4,0,2,-0.8308893383890197,0.3485054457207373,stick
19,4,1,-2,0.13832284006288875,0.44759401716178865,stick
19,4,1,-1,0.051805150826029614,0.5727498826324905,stick
19,4,1,0,0.09167168408543651,0.5102741054447786,stick
19,4,1,1,0.07272405612594145,0.029038107159738466,hit
19,4,1,2,0.13483989129189589,0.6324068193963793,stick
19,5,0,-2,-0.7765543280452188,0.2654863411253466,stick
19,5,0,-1,-0.8702136737135113,0.624535982663211,stick
19,5,0,0,-0.7355684605354518,0.5584358371866834,stick
19,5,0,1,-0.6063972503563929,0.4289582065346978,stick
19,5,0,2,-0.5466186050980076,0.2632116703044701,stick
19,5,1,-2,0.12049254921473959,0.32750737250509326,stick
19,5,1,-1,0.0829900577961696,0.621675669069753,stick
19,5,1,0,0.13304995712385628,0.2924659274107968,stick
19,5,1,1,0.07106247067306705,0.5395488464516102,stick
19,5,1,2,0.20309887014157071,0.37403047431907394,stick
19,6,0,-2,-0.8357692036423023,0.5342265852416026,stick
19,6,0,-1,-0.7186691045071687,0.563174621416337,stick
19,6,0,0,-0.6077771589340657,0.33129485122157987,stick
19,6,0,1,-0.6627710464597469,0.2513058110179285,stick
19,6,0,2,-0.683473050892544,0.6061841640595798,stick
19,6,1,-2,0.10617315683044574,0.6134661338473557,stick
19,6,1,-1,0.18311010125704924,0.40643714514899365,stick
19,6,1,0,0.23484217917429176,0.5271607938653623,stick
19,6,1,1,0.09625780518170335,0.04756665341589031,hit
19,6,1,2,0.21908852348763475,0.4825563116896866,stick
19,7,0,-2,-0.8262614560756738,0.5073121319047836,stick
19,7,0,-1,-0.7995551136506079,0.8543376112813292,stick
19,7,0,0,-0.8309491405231212,0.7098337090022783,stick
19,7,0,1,-0.8421477920561616,0.2806797843706791,stick
19,7,0,2,-0.7187893770970457,0.7338809524203296,stick
19,7,1,-2,0.2016787139088923,0.5839538532950261,stick
19,7,1,-1,0.13157406004814667,0.4455567968999094,stick
19,7,1,0,0.15841982465809692,0.8181512137357666,stick
19,7,1,1,0.2825065431830282,0.6389641563146419,stick
19,7,1,2,0.13561811746257801,0.7004969849045396,stick
19,8,0,-2,-0.6741347672501254,0.647882521436471,stick
19,8,0,-1,-0.7927149697436692,0.688820477689152,stick
19,8,0,0,-0.7714658529974457,0.661942469671839,stick
19,8,0,1,-0.6411855732016145,0.4435148431718924,stick
19,8,0,2,-0.6341407005461641,0.4863332059708177,stick
19,8,1,-2,0.13872751811762557,0.706167135746134,stick
19,8,1,-1,0.1043421810463187,0.47913169513143644,stick
19,8,1,0,0.04950908072757798,0.34241634243370767,stick
19,8,1,1,0.18256635465536408,0.5263280038040785,stick
19,8,1,2,0.23427005927418154,0.5859562538591253,stick
19,9,0,-2,-0.6602635752168978,0.33429173644419735,stick
19,9,0,-1,-0.664471898904035,0.25119737629859523,stick
19,9,0,0,-0.7406991921793251,0.3288777943966869,stick
19,9,0,1,-0.7883798090191786,0.27853767982372063,stick
19,9,0,2,-0.46685870156799475,0.15547737808974899,stick
19,9,1,-2,-0.060331199574181725,0.26715629879863206,stick
19,9,1,-1,-0.03579475496517673,0.26749260853539897,stick
19,9,1,0,0.00417114442371732,0.43429195235329476,stick
19,9,1,1,0.025332951108559473,0.30045927855202714,stick
19,9,1,2,0.04134196848021876,0.4765333207319587,stick
19,10,0,-2,-0.7945567222179238,-0.0501381126158213,stick
19,10,0,-1,-0.6554618422845586,0.036038717407320106,stick
19,10,0,0,-0.6000602649675068,0.020432843184921105,stick
19,10,0,1,-0.9189802559623286,-0.14903881886402723,stick
19,10,0,2,-0.788778447016642,0.004123953963333704,stick
19,10,1,-2,-0.09583092337004256,-0.43949866182966224,hit
19,10,1,-1,-0.15879740630525827,-0.341789120305797,hit
19,10,1,0,-0.30654315553362665,0.003783039865947642,stick
19,10,1,1,-0.017060097172143452,-0.1475625241336547,hit
19,10,1,2,-0.09273897966100583,-0.16570365227263747,hit
20,1,0,-2,-0.953728511772062,-0.029652741689354077,stick
20,1,0,-1,-0.9134592895284956,0.12108793076446583,stick
20,1,0,0,-0.8022364475820927,0.21315404172825336,stick
20,1,0,1,-0.9068290603303265,0.15388098782167486,stick
20,1,0,2,-0.9717581107955579,0.21595464551183163,stick
20,1,1,-2,-0.27988673682353243,0.034720233512143046,stick
20,1,1,-1,-0.1064237799536583,0.27234379646476836,stick
20,1,1,0,-0.12794006698273908,0.18641891311073122,stick
20,1,1,1,-0.22359872441012207,0.2635851246141794,stick
20,1,1,2,-0.13503320817890496,0.42283336119890047,stick
20,2,0,-2,-0.835340627366838,0.5732249663476734,stick
20,2,0,-1,-0.952468785243856,0.8987709820519985,stick
20,2,0,0,-0.857275296298303,0.411357551615464,stick
20,2,0,1,-0.8390595362379165,0.6531429212707693,stick
20,2,0,2,-0.7954692467011779,0.6202405191010679,stick
20,2,1,-2,0.18575599974528673,0.5865273897819056,stick
20,2,1,-1,0.18981182696930832,0.7572602838167037,stick
20,2,1,0,0.052249936148348344,0.37918580163117493,stick
20,2,1,1,0.05965566591116576,0.5422892068978421,stick
20,2,1,2,0.2714374090228189,0.8147937437834322,stick
20,3,0,-2,-0.8420938923778832,0.7224794575281159,stick
20,3,0,-1,-0.7734901552258654,0.494405406708834,stick
20,3,0,0,-0.7857318192226727,0.5369885940436322,stick
20,3,0,1,-0.9005370807532701,0.7962422906932558,stick
20,3,0,2,-0.8597647240870281,0.6711027275896326,stick
20,3,1,-2,0.15848160141084233,0.6408855336361252,stick
20,3,1,-1,0.22326133689264485,0.5997327393167231,stick
20,3,1,0,0.17972263814068665,0.6932755296566218,stick
20,3,1,1,0.0645621125801871,0.6284238257810735,stick
20,3,1,2,0.09716948256788638,0.6905408777123082,stick
20,4,0,-2,-0.840068861406166,0.5637835078222475,stick
20,4,0,-1,-0.7558123964737123,0.7226722019101399,stick
20,4,0,0,-0.9823389433091918,0.7858876336131158,stick
20,4,0,1,-0.758383381080316,0.7244307962022533,stick
20,4,0,2,-0.8610464244913794,0.7131028239314422,stick
20,4,1,-2,0.21915303174422923,0.6246504040922518,stick
20,4,1,-1,0.06804932996891215,0.617239933318144,stick
20,4,1,0,0.2878654893852356,0.732917114631166,stick
20,4,1,1,0.21736295330587682,0.6115086751885049,stick
20,4,1,2,0.29787977151491685,0.6917097095849893,stick
20,5,0,-2,-0.95133019835327,0.5068161647684091,stick
20,5,0,-1,-0.8185692758527632,0.6105883437962956,stick
20,5,0,0,-0.7128573953820521,0.5499860396714922,stick
20,5,0,1,-0.8881873328030885,0.7565574223496677,stick
20,5,0,2,-0.8721728415051193,0.7584233612001718,stick
20,5,1,-2,0.18593187585357615,0.8950138319814389,stick
20,5,1,-1,0.16821579142829518,0.5509652834257195,stick
20,5,1,0,0.1572697765150689,0.6783205880782082,stick
20,5,1,1,0.11634733664063707,0.8687304499504459,stick
20,5,1,2,0.3105172724606274,0.8380576132748402,stick
20,6,0,-2,-0.9560778189906664,0.7737941728133664,stick
20,6,0,-1,-0.8603583722530158,0.625666940237955,stick
20,6,0,0,-0.6921151290718041,0.8026308331719468,stick
20,6,0,1,-0.7278856185375241,0.8347611660739725,stick
20,6,0,2,-0.6799587926714165,0.8326705664629244,stick
20,6,1,-2,0.30309121049570364,0.6778971369860396,stick
20,6,1,-1,0.0917250519171005,0.8546291931975973,stick
20,6,1,0,0.2869345008413544,0.7733628622205633,stick
20,6,1,1,0.17709179843352588,0.6854472767139884,stick
20,6,1,2,0.21251486608288986,0.7327503077224704,stick
20,7,0,-2,-0.8898660331093204,0.6817705595839761,stick
20,7,0,-1,-0.9942967208696408,0.8419765622325767,stick
20,7,0,0,-0.8719929515885678,0.7773337057749222,stick
20,7,0,1,-0.5721515686963107,0.7080885470433852,stick
20,7,0,2,-0.9683613785033988,0.7813033156377721,stick
20,7,1,-2,0.07320812091336584,0.8746581052610152,stick
20,7,1,-1,0.15200131703883835,0.8928289683770905,stick
20,7,1,0,0.15801188899415405,0.7583801481122253,stick
20,7,1,1,0.06776484912042141,0.9452595339358529,stick
20,7,1,2,0.24501782607521322,0.8562630359882306,stick
20,8,0,-2,-0.7411188564801182,0.9189042263066971,stick
20,8,0,-1,-0.9033982931344182,0.8511018390088969,stick
20,8,0,0,-0.9284316831336153,0.9187576217684964,stick
20,8,0,1,-0.9193092515994543,0.7437187386555939,stick
20,8,0,2,-0.7222844785669523,0.6429893993777216,stick
20,8,1,-2,0.2512895820712586,0.6942307437879583,stick
20,8,1,-1,0.10214871178840028,0.8338707487185855,stick
20,8,1,0,0.18494470027116197,0.7376391562488238,stick
20,8,1,1,0.1960798065530053,0.7935655256354818,stick
20,8,1,2,0.24335945865452377,0.6910525004945044,stick
20,9,0,-2,-0.9086143678686327,0.8069425386332496,stick
20,9,0,-1,-0.8607293823359455,0.5918123947136934,stick
20,9,0,0,-0.7234950692819825,0.5790903669778064,stick
20,9,0,1,-0.888296722948587,0.9459440494014874,stick
20,9,0,2,-0.9857500818217257,0.5811134909404949,stick
20,9,1,-2,-0.05506541388154935,0.9187532910277886,stick
20,9,1,-1,0.28357804471317266,0.8894985014768314,stick
20,9,1,0,0.10870449833929943,0.7059701630919543,stick
20,9,1,1,0.09308259490433896,0.8657092850128657,stick
20,9,1,2,0.13453581210872062,0.7969697534654131,stick
20,10,0,-2,-0.9370670848010366,0.48471499930354334,stick
20,10,0,-1,-0.924179875376849,0.2727286263230591,stick
20,10,0,0,-0.9756278368594894,0.5600444083520177,stick
20,10,0,1,-0.7866489675601945,0.29414591502145343,stick
20,10,0,2,-0.7295414915650583,0.3416114142128126,stick
20,10,1,-2,-0.10780553833518935,0.22363525328544026,stick
20,10,1,-1,-0.05294856774976744,0.3308860885336123,stick
20,10,1,0,-0.06260701341722885,0.39429442365308726,stick
20,10,1,1,-0.07101068095460067,0.42689555041766897,stick
20,10,1,2,-0.01716881592581874,0.538359447315172,stick
21,1,0,-2,-0.9995888616355285,0.5603427368557231,stick
21,1,0,-1,-0.9515054747505769,0.6262268992608254,stick
21,1,0,0,-0.9962685899536272,0.6338837353711644,stick
21,1,0,1,-0.9305571598127664,0.7549225230822979,stick
21,1,0,2,-0.997394217197599,0.6248544357075844,stick
21,1,1,-2,-0.2523560954854057,0.6012831634907139,stick
21,1,1,-1,-0.06187654596761023,0.684864004792483,stick
21,1,1,0,-0.20500773296226715,0.754344065267528,stick
21,1,1,1,0.037028438404389644,0.6836099949260587,stick
21,1,1,2,-0.08330752782454914,0.5195999058089775,stick
21,2,0,-2,-0.9901116352903411,0.9526178387267191,stick
21,2,0,-1,-0.7496559102575447,0.9145240491304841,stick
21,2,0,0,-0.9884666981079937,0.957640179937371,stick
21,2,0,1,-0.9462664540172597,0.9500169841139174,stick
21,2,0,2,-0.9901116352903411,0.8648336225487013,stick
21,2,1,-2,0.1911131020850428,0.8398705935405368,stick
21,2,1,-1,0.32354920538557547,0.916443071763649,stick
21,2,1,0,0.14962377294929619,0.8655451477754479,stick
21,2,1,1,0.20700545714185625,0.8909571771266406,stick
21,2,1,2,0.22154173908191274,0.9030394205921344,stick
21,3,0,-2,-0.9895911950424643,0.9111016455778045,stick
21,3,0,-1,-0.9269022734871225,0.8492803237176737,stick
21,3,0,0,-0.9919458651417035,0.8562538246964116,stick
21,3,0,1,-0.9404614448944706,0.9004945838875957,stick
21,3,0,2,-0.9972570707343148,0.7903167665032894,stick
21,3,1,-2,0.1805373588041435,0.8099069144469704,stick
21,3,1,-1,0.26317302940710235,0.9193605807124096,stick
21,3,1,0,0.3593493107017148,0.8934407012636081,stick
21,3,1,1,0.16660986049242657,0.889976594140335,stick
21,3,1,2,0.4769427040506817,0.8956222899731224,stick
21,4,0,-2,-0.9865481243423165,0.8703273940049633,stick
21,4,0,-1,-0.9005597430129076,0.7956770715095169,stick
21,4,0,0,-0.990606053525824,0.8518445605635664,stick
21,4,0,1,-0.8898168897649946,0.9022234849212346,stick
21,4,0,2,-0.9865481243423165,0.9281722471295714,stick
21,4,1,-2,0.23813495979081004,0.8910107963437756,stick
21,4,1,-1,0.27244451218655674,0.967884250749902,stick
21,4,1,0,0.3179153490600161,0.9093221606117485,stick
21,4,1,1,0.1352854147188617,0.9060461914337153,stick
21,4,1,2,0.22298520337025485,0.995087913679354,stick
21,5,0,-2,-0.9826153953841963,0.927615557535032,stick
21,5,0,-1,-0.8840177786999943,0.8689430051813245,stick
21,5,0,0,-0.985840130886649,0.9224623457356927,stick
21,5,0,1,-0.9102551680691492,0.9351253279653142,stick
21,5,0,2,-0.9934398568195746,0.8509138474504736,stick
21,5,1,-2,0.3040144664096963,0.8842373400851621,stick
21,5,1,-1,0.49478853667799777,0.872453508255294,stick
21,5,1,0,0.365938394803403,0.8983069725172246,stick
21,5,1,1,0.3914571680205043,0.8912028361925299,stick
21,5,1,2,0.3762161653651141,0.9384887689706876,stick
21,6,0,-2,-0.985840130886649,0.9262269062491024,stick
21,6,0,-1,-0.9005597430129076,0.9597260397624418,stick
21,6,0,0,-0.9927311432903874,0.7726961840634193,stick
21,6,0,1,-0.8501097459511843,0.9754808900764493,stick
21,6,0,2,-0.9763504334117701,0.8945655497333569,stick
21,6,1,-2,0.38529861192792075,0.8479292814701096,stick
21,6,1,-1,0.27296659168525433,0.9281429766416638,stick
21,6,1,0,0.24923140225497026,0.9747131869651782,stick
21,6,1,1,0.2781026703463102,0.9477327086267031,stick
21,6,1,2,0.3373509204460872,0.9114346291049348,stick
21,7,0,-2,-0.9956478669819242,0.9145777113634663,stick
21,7,0,-1,-0.9373278367310217,0.948917861078018,stick
21,7,0,0,-0.9968007823114912,0.9183419168310784,stick
21,7,0,1,-0.9147424096656918,0.9584037427641071,stick
21,7,0,2,-0.9946567223786487,0.9816247271936254,stick
21,7,1,-2,0.19306198528353874,0.8641896537947357,stick
21,7,1,-1,0.25512339100421616,0.9771791236950268,stick
21,7,1,0,0.35246959332561834,0.9548337305626325,stick
21,7,1,1,0.22644394237856166,0.9843217716305567,stick
21,7,1,2,0.34323466129952485,0.9634114384899164,stick
21,8,0,-2,-0.9964551604559458,0.8277639157437989,stick
21,8,0,-1,-0.9562336909623956,0.9558020017042462,stick
21,8,0,0,-0.9951776919467304,0.9267217434395217,stick
21,8,0,1,-0.9562336909623956,0.8823067578779213,stick
21,8,0,2,-0.9986623420276416,0.9801874217495422,stick
21,8,1,-2,0.44031847544292996,0.9255380576250335,stick
21,8,1,-1,0.3699858936815874,0.9492971903480351,stick
21,8,1,0,0.2636794490352955,0.9113223480943522,stick
21,8,1,1,0.2861733832670855,0.9488167250141355,stick
21,8,1,2,0.17657569731540637,0.979620954877107,stick
21,9,0,-2,-0.9983577069269162,0.9411748595344825,stick
21,9,0,-1,-0.9404614448944706,0.9948465023124881,stick
21,9,0,0,-0.9977658669697915,0.9817094197107208,stick
21,9,0,1,-0.9147424096656918,0.9546276554050372,stick
21,9,0,2,-0.9966324024331485,0.9208231258851977,stick
21,9,1,-2,0.2307636630602019,0.968632976426774,stick
21,9,1,-1,0.14748105807478226,0.9193519301963694,stick
21,9,1,0,0.12132875343221357,0.8593205465845978,stick
21,9,1,1,0.17578785064937785,0.9285748795573093,stick
21,9,1,2,0.2332857227380799,0.9104972513771525,stick
21,10,0,-2,-0.9999999999872109,0.8610851322953695,stick
21,10,0,-1,-0.9999989286627206,0.9313379788859609,stick
21,10,0,0,-0.9999999997077847,0.9286547341078881,stick
21,10,0,1,-0.9999779080777875,0.9432171499932708,stick
21,10,0,2,-0.9999999992256193,0.9444874561882444,stick
21,10,1,-2,0.06827670009104471,0.8212279440849444,stick
21,10,1,-1,0.008522791834130211,0.8959001100068839,stick
21,10,1,0,0.10559313100008769,0.8707248904624242,stick
21,10,1,1,0.008267264004563516,0.9210599999113511,stick
21,10,1,2,0.2511443989465354,0.9361057583709232,stick
